,Acanthasteridae,Acanthocerataceae,Acaryochloridaceae,Acinetosporaceae,Acipenseridae,Acrochaetiaceae,Acroporidae,Actiniidae,Acytosteliaceae,Aegisthidae,Agaraceae,Aiptasiidae,Alariaceae,Alepocephalidae,Ammodytidae,Amoebophryaceae,Amphipleuraceae,Anarhichadidae,Anaulaceae,Anomoeoneidaceae,Anoplopomatidae,Aphanizomenonaceae,Aphanothecaceae,Aplysiidae,Apogonidae,Apusomonadidae,Arcidae,Areschougiaceae,Asteriidae,Attheyaceae,Bacillariaceae,Balaenopteridae,Bangiaceae,Bathycoccaceae,Bathylagidae,Batrachoididae,Batrachospermaceae,Berkeleyaceae,Biddulphiaceae,Blenniidae,Bolbocoleonaceae,Bonnemaisoniaceae,Bracteacoccaceae,Bryopsidaceae,Calanidae,Calotrichaceae,Campanulariidae,Cavenderiaceae,Ceramiaceae,Ceratiidae,Chaetocerotaceae,Chamaesiphonaceae,Characeae,Chattonellaceae,Chlamydomonadaceae,Chlorellaceae,Chlorobiaceae,Chlorocystidaceae,Chloroflexaceae,Chloropicaceae,Chromulinaceae,Chroococcaceae,Chroococcidiopsidaceae,Chroomonadaceae,Chrysochromulinaceae,Chrysolepidomonadaceae,Cionidae,Cirratulidae,Closteriaceae,Clupeidae,Codiaceae,Coleofasciculaceae,Collosphaeridae,Corallinaceae,Coscinodiscaceae,Cottidae,Crustomastigaceae,Cyaneidae,Cyanidiaceae,Cyanophoraceae,Cyanothecaceae,Cyclopteridae,Cymatosiraceae,Cynoglossidae,Cyprinidae,Daphniidae,Dasyaceae,Delesseriaceae,Delphinidae,Derbesiaceae,Dermocarpellaceae,Desmidiaceae,Dictyotaceae,Diplonemidae,Dugesiidae,Dunaliellaceae,Echeneidae,Ectocarpaceae,Edwardsiidae,Eirenidae,Entomoneidaceae,Eucalanidae,Euglenaceae,Eunotiaceae,Euphausiidae,Euplotidae,Eustigmataceae,Fonticulaceae,Fragilariaceae,Fucaceae,Gadidae,Gasterosteidae,Gecarcinidae,Gelidiaceae,Geminigeraceae,Gigartinaceae,Globorotaliidae,Gloeobacteraceae,Gloeomargaritaceae,Gobiidae,Gomontiellaceae,Gomphonemataceae,Gonostomatidae,Gonyaulacaceae,Gracilariaceae,Gromiidae,Gymnodiniaceae,Haematococcaceae,Halimedaceae,Haliotidae,Halymeniaceae,Hapalidiaceae,Hapalosiphonaceae,Harpacticidae,Heliobacteriaceae,Hemiaulaceae,Hemidiscaceae,Hemiselmidaceae,Heterocapsaceae,Hexamitidae,Hildenbrandiaceae,Histionidae,Hyalellidae,Hydridae,Hydrodictyaceae,Hyellaceae,Hymenomonadaceae,Hypneaceae,Hypotrichomonadidae,Jakobidae,Kallymeniaceae,Kareniaceae,Klebsormidiaceae,Koliellaceae,Kryptoperidiniaceae,Laminariaceae,Lateolabracidae,Leptocylindraceae,Leptolyngbyaceae,Liagoraceae,Licmophoraceae,Limulidae,Lingulidae,Liparidae,Lithodesmiaceae,Loliginidae,Lottiidae,Lysianassidae,Mallomonadaceae,Mamiellaceae,Merismopediaceae,Merulinidae,Mesotaeniaceae,Metopidae,Metridinidae,Microcoleaceae,Microstomatidae,Monodontidae,Monodopsidaceae,Mustelidae,Myctophidae,Mytilidae,Myxinidae,Naviculaceae,Nephroselmidaceae,Nephtheidae,Niphatidae,Noelaerhabdaceae,Nostocaceae,Octopodidae,Odobenidae,Oedogoniaceae,Oikopleuridae,Oltmannsiellopsidaceae,Oocystaceae,Oreosomatidae,Oscillatoriaceae,Osmeridae,Ostreidae,Ostreobiaceae,Otariidae,Oxystominidae,Oxytrichidae,Palmariaceae,Paralichthyidae,Parameciidae,Parastacidae,Paulinellidae,Pavlovaceae,Pectinidae,Pelagiidae,Penaeidae,Perkinsidae,Petromyzontidae,Pfiesteriaceae,Phacaceae,Phaeocystaceae,Phaeodactylaceae,Phocidae,Phocoenidae,Phyllophoraceae,Physeteridae,Picocystaceae,Pinguiochrysidaceae,Plagiogrammaceae,Pleurastraceae,Pleuronectidae,Pocilloporidae,Polynoidae,Polyphysaceae,Porphyridiaceae,Portunidae,Prasinococcaceae,Prasiolaceae,Priapulidae,Prochloraceae,Prochlorotrichaceae,Prorocentraceae,Protoperidiniaceae,Provannidae,Pseudanabaenaceae,Pteriidae,Pycnococcaceae,Pyramimonadaceae,Pyuridae,Rajidae,Rhincodontidae,Rhizosoleniaceae,Rhodogorgonaceae,Rhodomelaceae,Rhodymeniaceae,Rivulariaceae,Roseiflexaceae,Rotaliidae,Saccosporidae,Salmonidae,Salpidae,Salpingoecidae,Sargassaceae,Scenedesmaceae,Scytonemataceae,Scytosiphonaceae,Sebastidae,Selenastraceae,Skeletonemataceae,Solieriaceae,Sparidae,Sphaerozoidae,Spyridiaceae,Staurosiraceae,Stephanodiscaceae,Sticholonchidae,Strongylocentrotidae,Styelidae,Suessiaceae,Syndiniaceae,Synechococcaceae,Syngnathidae,Temoridae,Terebellidae,Tetragonicipitidae,Tetrahymenidae,Thalassiosiraceae,Thaumatomastigidae,Thraustochytriaceae,Toxariaceae,Trebouxiaceae,Triceratiaceae,Triparmaceae,Ulmaridae,Ulnariaceae,Ulvaceae,Vahlkampfiidae,Wrangeliaceae,Zoarcidae,Zosteraceae,Zygnemataceae
1820,8,1,1,0,10,0,22,46,10,5,0,9,1,0,0,0,1,13,0,0,1,24,30,77,1169,10,1,0,38,2,15,26,2,26,0,198,0,0,1,291,0,0,1,2,90,31,0,7,1,0,89,2,0,1,16,6,74,0,3,301,0,10,7,0,1,3,21,0,0,16,0,4,0,0,0,0,0,5,4,0,5,36,0,22,279,12,0,1,39,0,1,7,2,3,1,1,203,0,17,0,0,0,2,0,0,0,0,5,1,0,556,28,0,1,16,2,1,16,2,18,5,0,0,10,1,0,1,0,0,2,0,0,48,0,3,6,0,0,0,1,1,0,10,2,8,3,0,1,0,0,1,0,0,1,2,0,219,1,9,1,3,0,5,0,2,0,1,0,7,23,0,2,0,0,3,25,0,22,22,202,0,5,3,2,0,2,12,14,467,48,12,1,0,0,0,0,48,1,62,15,32,0,0,0,7,3,0,2,0,145,5,2909,0,51,1,1,9,2,14,2,0,6,0,0,1,0,11,8,0,0,0,1,0,1,44,8,4,1,0,0,7,0,3,2,0,6,6,0,0,6,0,3,17,0,0,2762,0,53,1,0,7,0,15,6,3,0,1164,12,1,0,13,0,17,1,0,0,186,113,10,0,41,7,22,1,0,0,0,1,7,1,0,0,12,1,0,0,0
3220,25,0,3,0,23,0,27,294,26,34,0,16,0,0,1,0,3,31,0,0,0,103,84,178,5288,15,3,0,154,3,16,63,7,32,0,559,0,0,1,825,0,0,1,0,434,69,0,18,6,0,75,4,1,2,52,14,291,0,16,1674,0,27,1,0,0,17,117,0,2,56,0,2,0,0,3,0,0,1,4,0,3,31,1,46,924,16,0,2,51,0,2,15,1,0,0,0,2315,0,26,0,1,1,2,0,1,0,0,7,1,0,948,89,0,0,31,11,0,19,1,23,0,0,0,4,2,3,9,1,1,30,0,0,142,2,12,3,2,0,0,1,0,1,7,6,5,1,0,0,0,0,0,0,0,0,1,2,680,1,25,1,0,13,11,0,0,0,2,0,1,28,1,24,0,0,1,117,0,108,99,621,0,10,6,2,0,11,18,21,630,107,12,0,0,0,1,0,198,1,258,5,177,0,0,0,21,5,0,3,0,292,2,13389,5,78,0,3,7,6,28,5,0,4,0,0,1,0,29,8,0,1,0,1,0,0,82,6,4,0,0,1,15,0,0,1,0,24,23,7,0,0,0,7,42,0,3,10229,2,81,3,5,29,0,26,9,3,0,1825,9,1,0,3,0,63,6,0,0,250,339,17,0,280,5,21,1,1,1,4,0,7,1,0,4,24,0,0,0,0
4680,5,4,2,0,3,0,3,9,12,0,0,10,0,0,0,0,1,4,1,0,0,16,5,30,56,5,0,0,25,4,41,131,1,78,1,22,0,0,2,23,0,0,0,0,5,23,0,3,2,1,196,3,0,0,11,13,63,0,11,2,1,8,4,0,0,0,4,0,0,21,0,6,1,0,1,0,1,3,3,0,1,4,2,6,272,2,1,2,25,0,3,1,0,3,2,1,13,0,3,0,2,6,2,0,1,0,1,1,3,0,2306,14,0,0,31,2,2,8,2,8,0,1,0,8,5,0,0,0,0,0,0,0,6,1,2,9,0,0,0,1,0,0,3,0,0,1,0,0,0,0,1,4,0,0,4,1,34,1,23,0,0,3,7,0,3,0,4,0,1,23,1,3,0,0,14,14,0,7,10,41,0,19,0,5,0,4,4,19,51,1,0,0,1,1,0,0,21,5,39,3,3,2,1,1,3,5,0,1,0,36,25,10,0,4,5,2,27,4,3,9,0,4,0,0,1,0,5,6,0,0,0,0,2,0,5,14,9,1,0,0,5,0,3,0,0,2,1,4,0,2,0,4,18,0,0,171,0,7,3,1,5,1,9,5,10,0,78,22,0,0,35,1,32,8,1,1,388,14,3,0,0,2,59,0,0,0,2,1,35,24,3,2,1,0,0,0,0
7210,17,2,5,0,8,0,31,119,9,21,0,10,0,0,0,1,3,20,0,0,0,35,45,65,3061,5,3,0,77,8,18,80,3,50,0,273,0,0,2,344,0,0,2,3,199,38,0,11,1,0,141,5,2,0,21,7,300,0,15,952,0,21,9,0,1,8,42,0,0,55,0,8,1,0,1,0,0,0,9,1,5,10,1,17,569,9,0,0,8,0,5,6,0,1,1,2,880,0,26,0,1,2,0,2,0,0,0,3,2,0,611,44,0,0,24,5,0,11,4,6,0,0,0,5,2,0,0,3,1,12,1,0,42,1,7,8,0,1,0,3,0,1,7,1,4,3,0,0,0,0,0,1,0,0,3,1,328,0,17,1,1,9,5,0,2,0,6,0,0,24,3,16,0,0,3,43,0,46,45,296,0,10,7,6,0,1,13,12,558,13,3,2,0,0,0,0,45,0,109,2,9,0,1,0,6,2,0,0,0,146,1,5832,1,21,1,0,24,4,14,10,0,5,0,0,2,0,9,8,0,0,0,0,0,0,15,7,7,0,0,2,7,0,1,0,0,13,9,6,1,2,1,3,27,0,2,5125,0,38,2,1,29,0,24,6,13,0,1103,22,1,0,16,0,53,5,0,0,298,160,9,0,126,4,42,2,0,1,1,0,14,4,0,4,9,0,0,0,0
7970,2,2,0,0,7,0,6,6,4,0,0,1,0,0,5,0,1,9,0,0,0,21,25,35,49,15,0,0,32,3,22,29,3,67,0,21,0,0,1,29,1,0,0,1,3,41,0,5,1,0,184,3,0,0,8,9,101,0,19,8,0,17,4,3,0,0,9,0,0,10,0,14,1,0,3,0,1,3,6,8,4,6,2,4,287,8,0,0,9,0,4,1,0,0,0,0,40,1,3,0,1,0,0,1,0,0,0,3,2,0,334,6,0,0,14,3,0,23,2,8,2,0,0,2,7,0,0,2,2,0,1,0,4,0,11,11,0,0,0,2,1,0,5,4,0,1,0,0,0,0,0,1,0,0,4,1,31,0,36,2,0,5,3,0,1,0,1,0,0,19,2,4,0,0,2,32,0,3,17,46,1,13,1,3,3,2,9,28,51,12,1,0,0,2,0,0,22,1,63,5,4,1,1,0,4,5,1,4,0,50,3,22,2,9,1,0,28,1,6,1,0,0,0,0,2,0,13,14,0,1,0,0,0,0,14,19,7,0,0,0,10,0,0,0,0,7,2,8,0,5,1,4,27,0,0,165,0,16,2,2,9,0,6,13,9,1,91,19,0,3,14,0,23,6,0,0,475,21,3,0,0,6,28,1,0,3,0,1,19,5,0,0,2,0,0,1,0
9190,6,1,2,1,10,0,11,5,6,0,0,10,0,0,0,0,0,7,0,1,0,20,16,31,69,13,1,0,36,1,21,83,5,66,0,37,2,0,1,50,0,0,0,5,4,39,0,3,1,0,114,23,2,1,16,12,96,0,18,8,0,15,11,0,0,0,4,1,0,26,0,3,1,1,6,0,0,0,4,9,4,6,0,9,266,1,2,1,29,0,4,5,0,1,6,0,27,2,5,0,2,0,3,2,0,0,0,0,7,0,623,14,0,0,14,7,0,22,11,7,5,1,0,1,1,0,2,4,2,2,2,3,7,2,7,11,2,0,1,1,0,0,14,5,0,1,0,0,0,0,3,1,1,0,3,2,54,3,57,8,1,4,3,0,0,0,2,0,0,30,10,9,2,0,0,26,0,11,22,60,0,10,2,2,2,2,13,17,92,4,0,0,2,3,1,0,32,0,89,1,8,0,0,1,5,11,0,2,2,57,0,23,1,5,4,3,23,7,10,4,0,5,0,0,1,0,12,16,0,0,0,0,1,0,6,24,4,2,0,1,22,0,0,1,0,8,0,5,0,13,3,5,37,0,0,246,0,12,1,2,14,1,2,0,4,5,100,20,0,0,14,0,32,4,1,0,340,39,4,0,0,8,35,0,0,0,1,1,12,0,2,3,4,0,0,0,0
10150,1,0,7,0,6,0,6,2,3,0,0,3,0,0,0,0,2,5,0,1,0,31,14,21,59,18,0,0,20,5,13,30,2,47,0,20,0,0,0,39,0,0,0,6,1,34,0,4,0,0,41,6,0,1,12,16,86,0,14,5,0,16,9,0,0,0,2,0,0,42,0,9,0,3,1,0,0,1,1,1,3,1,0,5,133,3,1,4,9,0,6,1,2,0,0,0,24,1,6,0,0,1,2,2,0,0,0,2,0,0,237,9,0,0,9,1,0,9,6,4,1,2,0,0,3,0,2,4,1,0,0,0,7,1,10,5,1,0,0,0,0,1,8,5,0,3,0,1,2,3,2,0,2,0,4,0,33,1,19,4,0,14,1,0,0,0,0,0,0,15,11,3,1,0,0,20,0,5,11,24,0,5,5,1,1,2,10,19,80,5,0,0,0,1,1,0,33,0,31,7,1,0,0,0,6,4,0,4,1,47,2,6,1,6,0,3,7,5,5,5,0,1,0,0,2,0,3,7,0,0,4,0,0,0,10,16,4,0,2,2,12,0,1,1,1,6,4,2,0,5,0,2,19,0,0,147,0,9,2,0,2,0,6,6,7,1,45,11,0,1,10,0,16,0,0,0,256,38,2,0,0,6,19,0,0,2,0,0,7,0,0,0,1,0,1,0,0
11200,0,2,3,0,2,0,4,5,5,0,0,4,1,0,0,1,1,5,4,0,0,26,54,39,37,13,0,0,29,3,77,24,3,193,1,15,0,0,0,27,0,0,0,1,3,14,0,3,1,0,26,2,0,1,11,8,99,0,14,6,1,12,5,1,0,0,0,0,0,51,0,10,1,0,3,0,0,1,3,0,1,4,1,3,146,4,0,2,8,0,2,0,2,0,1,0,21,0,4,0,1,3,2,3,0,1,0,3,3,0,348,8,0,0,16,5,1,11,0,6,2,4,0,0,2,0,3,2,0,0,1,0,2,0,4,7,1,2,0,1,0,1,10,2,0,4,0,0,0,1,0,2,0,0,0,2,27,5,14,1,0,4,10,0,1,0,0,0,0,31,6,2,0,0,10,14,0,0,15,65,0,10,0,6,1,1,3,112,50,4,1,0,1,2,0,0,17,0,54,1,17,2,1,0,2,4,0,2,1,46,3,7,4,7,0,1,35,3,11,1,1,3,0,0,3,0,10,6,0,0,0,2,1,0,9,13,1,2,0,0,12,0,25,7,0,2,1,8,0,1,0,3,25,1,0,151,0,9,1,5,4,0,2,5,21,0,68,5,0,0,26,1,30,0,2,0,999,15,2,1,0,5,47,1,0,1,2,0,68,1,0,0,2,0,0,1,0
11740,4,2,6,0,18,0,11,7,16,0,0,2,2,0,1,1,6,7,2,0,0,70,31,100,72,25,1,0,44,25,209,46,5,385,0,53,0,0,4,72,0,0,0,26,9,39,0,5,5,0,49,3,1,0,20,20,87,0,19,7,1,15,7,0,0,0,4,0,0,74,3,8,0,0,7,0,0,3,6,1,8,8,3,11,319,7,5,2,17,0,13,5,1,0,0,1,33,0,12,0,3,3,23,3,0,0,0,7,14,0,1140,9,0,0,19,8,1,10,12,10,0,5,0,1,3,0,2,16,2,0,0,0,7,2,11,15,2,0,0,1,0,6,8,2,8,3,0,0,0,0,0,4,1,0,5,1,47,8,21,5,3,3,0,1,1,0,2,0,0,101,9,3,1,0,3,34,0,3,22,57,1,9,4,14,1,0,6,121,72,10,1,0,0,0,1,0,42,0,135,2,6,0,8,1,6,13,0,2,1,76,3,18,0,13,1,0,65,4,16,4,0,9,0,0,4,0,20,7,0,0,1,0,0,1,36,38,9,1,0,0,15,0,12,8,0,4,2,3,0,12,0,1,21,0,0,272,0,22,1,2,14,0,6,7,39,0,123,29,0,2,64,0,41,19,0,0,812,47,9,1,0,6,132,2,0,3,1,2,119,0,6,1,7,0,0,0,1
12430,0,2,7,0,5,0,10,10,7,0,0,4,1,0,0,0,2,10,2,2,0,68,35,43,77,7,2,0,79,21,170,145,4,266,0,32,0,0,0,37,0,0,1,21,19,46,0,3,9,0,34,17,0,0,22,15,64,0,11,12,2,35,4,0,0,0,2,0,0,100,0,3,0,0,2,0,0,1,5,8,7,7,1,2,252,17,2,6,47,0,17,4,1,2,1,0,38,0,9,0,3,2,14,3,0,8,0,4,4,0,995,10,0,1,18,2,1,5,20,15,2,4,0,1,12,0,2,4,3,0,1,0,11,2,11,14,2,0,1,1,2,4,26,4,2,4,0,0,0,1,0,3,1,0,4,5,56,0,21,11,2,10,2,0,2,0,5,0,3,118,3,9,1,1,2,23,1,13,19,39,0,58,4,9,2,2,15,19,161,8,0,0,2,0,0,0,49,0,108,5,5,3,1,1,9,8,0,11,2,96,4,7,3,6,2,0,40,11,18,16,0,7,0,0,3,0,5,14,1,0,1,0,0,6,21,47,3,2,0,0,22,1,2,4,1,10,2,5,0,14,0,7,11,1,0,233,0,21,2,2,12,1,5,4,23,0,124,49,0,1,61,1,24,7,6,2,296,45,3,0,0,8,104,1,2,1,0,2,60,2,4,1,12,0,0,0,0
12620,1,1,13,0,4,0,8,4,10,0,1,3,0,0,0,1,0,6,0,1,0,59,52,17,73,8,4,0,42,7,88,26,4,97,0,22,3,0,1,32,0,1,0,27,8,83,0,6,9,0,6,4,0,0,22,11,66,0,10,27,6,48,9,3,0,0,1,0,0,59,1,2,2,0,0,0,0,0,5,1,11,5,2,1,116,7,0,8,7,0,23,3,0,0,0,1,47,0,3,1,0,2,8,1,9,8,0,0,0,0,374,4,0,3,4,1,2,8,24,13,1,1,0,1,10,0,1,2,4,0,0,0,9,8,13,3,0,0,0,0,1,4,17,4,1,0,0,0,0,0,0,1,9,0,0,0,33,3,39,9,4,15,7,0,0,0,1,0,1,56,15,11,0,1,0,20,0,5,10,44,0,3,2,7,1,3,3,13,144,7,0,0,0,0,0,0,53,0,110,18,1,3,1,1,5,13,0,1,1,64,2,12,0,4,1,0,16,6,4,5,0,2,0,0,1,0,2,18,0,0,0,0,0,9,30,26,3,0,2,1,24,0,4,0,0,4,0,1,2,13,1,1,7,0,0,168,0,6,1,0,11,0,3,3,12,0,61,16,0,1,32,0,18,5,2,1,285,38,2,0,0,5,49,0,1,3,0,0,22,1,4,0,10,0,0,0,0
13090,3,0,15,0,5,0,7,5,11,0,0,3,0,0,0,0,0,1,0,0,0,28,45,24,67,4,4,0,35,4,37,47,4,101,0,21,1,0,0,40,0,0,1,21,7,55,0,6,5,0,4,3,0,0,9,9,76,0,12,14,1,22,33,0,0,0,1,0,0,48,0,1,0,0,1,0,0,0,2,6,8,2,2,2,126,2,0,1,11,0,11,0,0,0,1,0,35,0,6,0,1,3,6,0,2,0,0,2,2,0,459,8,0,0,6,16,0,11,25,5,1,0,0,0,2,0,0,0,4,0,0,0,9,2,7,3,0,0,1,2,0,2,7,1,2,5,0,0,0,0,0,1,11,0,2,1,37,0,38,6,0,0,1,0,1,0,4,0,0,47,10,2,2,0,5,14,0,2,1,58,0,5,1,2,6,6,6,28,104,4,0,4,2,1,0,0,44,1,75,9,5,1,1,0,7,3,0,5,0,59,3,5,0,2,0,0,6,0,20,8,0,4,5,0,1,0,5,13,0,0,0,0,0,4,14,26,9,0,0,0,28,0,4,0,0,1,3,2,1,4,0,2,14,0,0,153,0,9,3,6,13,0,4,3,9,1,80,5,0,0,15,0,13,2,1,0,323,38,5,0,0,0,27,0,0,1,0,1,12,1,0,3,5,0,0,1,0
14330,7,2,4,0,7,0,13,9,10,0,0,2,1,0,0,1,3,7,1,0,0,39,59,52,65,15,2,0,33,12,161,242,7,316,0,43,1,0,1,37,0,0,0,8,11,36,0,3,5,0,23,2,1,1,18,21,80,0,15,11,0,18,3,2,1,0,5,0,1,127,0,4,0,0,5,0,0,4,4,0,4,3,2,0,211,4,1,4,55,0,13,2,2,2,3,1,34,0,6,0,7,5,3,2,0,2,1,4,8,0,1753,12,0,1,15,13,6,11,7,3,2,4,0,0,2,1,1,5,2,0,0,0,9,4,10,6,3,0,1,0,0,0,3,4,1,5,0,1,0,0,3,5,1,1,7,4,45,0,21,5,2,5,8,0,3,0,7,0,1,74,4,5,1,4,17,25,0,14,21,62,0,12,0,11,1,1,12,115,77,7,0,2,1,1,0,0,42,0,90,3,7,1,2,0,1,8,1,3,0,70,23,7,1,4,2,0,36,3,15,16,0,10,0,1,5,0,7,9,0,0,1,1,0,1,16,21,6,0,0,0,17,0,350,10,2,5,0,6,0,7,0,16,22,0,0,245,0,11,3,4,9,0,2,8,42,0,131,14,0,3,77,0,22,4,0,0,886,25,5,0,0,5,121,1,1,6,1,0,69,7,1,3,4,0,0,2,0
14990,1,1,2,0,4,0,3,6,3,0,0,5,0,0,0,1,5,1,2,1,0,48,53,48,100,3,1,0,22,33,145,5,1,242,0,38,0,0,2,93,0,0,0,0,2,30,0,1,1,0,10,0,0,0,5,35,52,0,9,2,1,7,10,2,0,0,0,2,0,1,2,0,0,0,3,0,0,1,2,23,0,15,5,9,382,5,1,3,4,0,43,4,2,1,1,4,26,0,2,5,4,0,4,3,1,0,0,0,3,0,1103,10,0,2,8,6,2,5,1,5,4,5,0,0,17,0,1,1,0,0,1,0,8,0,22,0,4,1,0,0,0,1,8,4,0,3,0,0,0,0,0,1,1,1,2,1,41,1,9,11,1,5,5,0,2,0,3,0,0,21,5,7,0,0,4,24,0,1,19,75,2,0,0,10,4,7,19,56,217,7,0,0,0,0,0,0,26,0,130,0,8,3,1,0,4,5,0,5,0,45,0,7,4,2,3,0,139,13,9,0,1,0,1,1,4,0,3,19,0,0,2,0,0,0,137,23,1,1,1,0,6,0,2,3,0,6,2,3,0,79,0,2,4,0,0,228,0,16,0,0,39,0,1,1,31,0,115,17,2,4,39,0,28,0,4,2,280,39,64,1,0,5,120,0,0,3,0,0,56,0,4,15,3,0,0,0,0
16090,1,1,1,0,6,0,6,5,8,0,0,1,1,0,0,0,7,9,5,0,0,20,20,81,75,4,0,0,24,29,196,16,4,343,0,44,1,0,3,26,0,0,0,0,4,46,0,5,0,0,19,4,0,1,16,12,72,0,18,4,1,18,2,1,1,0,0,1,0,6,3,6,1,0,3,0,0,0,7,3,10,10,3,6,338,5,1,2,13,0,13,1,0,2,4,0,47,1,3,0,3,0,0,6,0,2,0,3,10,0,1963,7,0,2,15,1,3,13,3,4,11,10,0,0,3,0,1,2,0,1,0,0,15,0,6,10,1,3,1,0,0,4,6,3,0,1,0,1,0,0,0,2,0,2,9,1,39,5,17,2,0,4,2,0,3,0,4,0,1,69,2,1,0,0,5,17,0,6,39,38,0,0,2,22,0,1,4,34,69,4,2,0,1,0,0,0,25,0,63,3,1,4,0,0,9,6,0,0,1,64,0,10,2,7,2,0,217,8,11,6,0,3,4,1,11,2,4,8,1,2,1,1,1,0,17,13,2,1,1,0,15,0,2,4,0,1,0,10,0,4,0,6,13,1,0,251,0,13,1,0,11,0,11,5,44,0,117,33,0,2,97,1,121,5,3,0,272,20,3,1,0,5,149,0,0,2,1,0,32,0,3,1,8,0,0,0,0
17540,3,7,13,1,9,1,11,12,10,0,0,6,1,1,0,1,13,40,7,3,0,43,15,168,104,9,0,0,49,117,538,111,6,598,0,46,0,0,7,43,0,1,0,0,9,29,0,4,4,0,56,1,0,3,35,11,74,0,18,15,2,13,4,0,1,0,0,3,0,7,0,11,0,1,10,0,0,0,3,3,2,11,13,10,864,8,2,1,25,0,4,1,2,1,1,2,33,0,10,0,8,1,1,7,3,1,0,2,22,0,7135,10,0,0,23,1,3,3,5,8,2,11,0,1,6,0,7,4,2,2,2,0,5,0,11,17,6,1,6,1,1,2,7,6,0,4,0,0,0,0,1,7,0,0,15,4,60,11,28,8,2,3,2,0,6,0,9,0,1,221,4,4,0,0,8,30,0,16,98,64,1,1,5,33,1,2,9,16,101,25,3,0,1,2,1,0,57,0,86,5,8,2,4,0,1,6,1,3,1,81,3,19,9,8,12,1,326,7,24,7,0,4,0,0,19,0,10,14,1,0,0,0,0,0,28,18,8,7,1,3,21,0,7,4,1,7,2,17,0,8,0,5,20,3,0,394,0,12,2,3,12,1,5,3,128,1,223,118,0,4,247,4,461,7,10,12,356,41,6,4,0,6,378,0,3,4,1,4,55,0,19,10,5,0,1,0,0
18750,9,2,6,0,4,0,9,3,4,0,0,4,3,0,0,0,2,7,3,2,0,22,20,69,62,6,0,0,26,46,173,21,3,257,0,36,1,0,0,43,0,0,0,1,4,50,0,5,1,0,20,10,0,1,26,9,83,0,13,8,0,10,5,0,0,0,0,0,0,7,0,7,1,0,6,1,0,1,5,1,1,3,5,4,434,7,1,1,3,0,4,3,1,0,0,0,37,1,4,0,9,0,1,4,1,2,1,1,7,0,2158,6,0,1,9,0,0,13,3,8,4,2,0,0,6,0,4,0,1,0,1,0,8,1,3,1,4,0,1,1,3,0,8,4,1,3,0,0,0,1,0,0,1,0,1,7,42,2,22,1,2,3,1,0,1,0,2,0,2,51,0,4,0,2,3,20,0,6,24,46,0,2,3,7,1,8,8,11,67,8,1,0,0,2,0,0,46,0,52,10,1,0,0,0,0,4,1,1,3,57,0,11,3,4,0,0,82,4,11,3,0,1,0,0,3,1,11,2,1,0,0,0,0,0,15,14,5,2,0,0,14,0,13,1,1,6,5,4,4,6,0,5,15,1,0,193,0,7,2,0,4,0,3,4,43,2,100,72,0,4,81,0,137,4,6,1,298,16,6,1,0,2,119,0,0,2,0,1,23,0,3,5,4,0,0,0,4
20500,4,1,3,0,4,0,8,9,3,0,0,4,0,0,0,1,3,13,1,3,0,37,29,71,69,3,1,1,24,56,196,6,4,249,0,27,1,0,2,43,0,0,1,2,7,53,0,9,6,0,21,1,0,3,12,4,67,0,9,7,0,6,5,2,0,0,0,0,0,6,2,0,1,1,4,0,0,0,3,0,2,7,2,6,439,8,0,1,7,0,13,2,1,2,0,0,41,1,3,0,2,0,1,4,2,1,1,0,13,0,1550,20,0,0,4,2,0,12,2,3,6,4,0,0,8,0,6,5,0,0,0,1,4,0,13,12,0,0,1,2,0,1,2,15,0,2,0,0,0,3,0,1,0,0,5,2,61,1,19,6,1,12,1,0,0,0,4,0,1,70,2,7,0,2,0,14,0,4,22,52,1,2,1,10,0,6,5,8,72,3,0,0,0,0,0,0,34,0,72,8,1,2,0,1,2,5,1,6,0,66,0,7,1,4,1,1,121,7,7,1,1,1,0,0,3,0,4,11,2,0,0,0,0,3,38,36,4,1,0,0,15,0,0,2,2,4,0,6,0,10,0,6,17,0,0,217,0,8,2,1,6,0,5,2,35,0,106,38,0,0,88,0,90,3,3,2,172,23,3,0,0,7,123,0,0,0,1,2,8,0,6,3,4,0,0,0,2
24550,10,1,1,0,4,0,4,11,3,0,0,5,1,0,0,1,5,15,4,1,0,46,32,143,97,8,6,16,51,79,279,4,3,176,0,52,0,0,4,69,0,3,1,2,10,80,0,4,1,0,58,4,0,1,27,14,126,0,7,22,0,25,2,0,1,0,1,0,0,4,0,0,0,0,11,1,0,0,6,6,2,9,5,14,403,20,0,11,13,0,7,1,1,0,0,0,40,1,8,0,4,1,1,7,0,0,1,0,8,0,3628,21,0,5,17,5,1,12,4,24,21,5,0,0,3,1,6,2,0,0,2,3,7,0,10,6,3,2,0,0,2,2,8,2,4,13,0,0,0,1,0,4,0,0,2,2,42,4,22,5,2,1,6,1,12,0,16,0,0,90,14,7,1,0,5,40,0,5,44,69,4,1,4,22,0,1,7,7,187,13,0,0,3,0,1,0,44,0,94,0,1,5,1,0,2,70,5,3,1,86,0,32,2,6,1,8,234,8,8,2,2,0,1,0,6,5,7,14,1,0,0,0,0,0,122,35,8,0,2,0,22,0,0,1,1,2,2,9,1,29,1,7,20,0,0,354,0,10,2,2,9,1,5,3,45,1,149,29,0,2,99,0,121,8,3,3,176,10,5,2,0,2,181,2,1,3,0,5,24,0,10,3,16,0,0,0,1
26650,6,6,6,1,2,2,5,10,12,0,0,5,0,0,0,1,5,16,1,0,0,22,14,107,59,6,0,0,29,52,259,3,2,150,0,26,0,0,3,37,0,0,0,0,3,44,1,3,3,0,58,3,1,8,18,7,72,0,12,7,0,25,3,2,2,0,2,0,0,8,0,4,0,0,5,1,0,0,2,4,5,6,8,4,179,5,1,2,4,0,0,1,1,1,0,0,18,1,8,2,4,0,4,10,1,1,0,2,7,0,2259,6,0,2,6,1,0,7,2,7,2,15,0,0,1,0,1,0,3,0,2,0,2,0,3,34,3,0,1,0,1,1,5,0,0,4,0,0,0,0,0,5,0,0,11,3,32,17,14,0,3,3,1,0,6,0,3,0,1,43,1,2,0,1,4,25,0,3,43,28,0,0,1,19,0,8,8,9,47,9,1,0,0,0,0,0,28,0,53,2,5,3,3,1,2,0,0,0,0,63,0,6,0,6,1,2,233,10,5,2,0,3,0,0,5,0,3,6,0,0,0,0,0,0,30,16,2,1,0,0,9,1,2,1,0,7,1,17,1,6,0,1,13,1,0,207,0,4,0,2,6,0,5,1,39,0,110,25,0,3,97,1,93,8,1,0,171,16,6,1,0,3,174,1,0,2,0,4,12,0,3,2,4,0,1,0,0
32240,5,2,5,0,1,0,5,10,8,0,0,5,0,0,0,1,2,16,6,1,0,39,31,140,72,1,0,0,62,83,296,1,1,151,0,31,1,1,6,36,0,0,1,4,7,22,0,3,3,0,68,2,1,1,16,6,36,0,6,7,2,15,4,0,0,0,1,1,0,6,1,1,1,0,6,0,0,0,1,5,0,5,4,4,288,2,0,3,2,0,3,0,0,1,1,0,17,1,5,0,12,0,3,3,0,1,1,6,13,0,3871,6,0,0,16,4,0,2,1,9,3,8,0,0,5,0,9,2,0,0,0,1,4,0,8,22,6,0,1,0,2,1,5,6,2,4,1,0,0,0,0,0,0,0,13,4,33,39,6,10,0,1,8,0,4,0,8,0,1,43,7,1,0,1,1,13,0,1,56,41,0,0,5,20,0,5,1,5,81,9,0,0,0,0,0,0,27,0,69,1,1,2,1,0,0,6,0,5,0,69,0,9,1,2,3,1,337,8,7,2,0,1,0,0,6,1,6,6,0,0,0,0,0,0,40,12,2,0,0,0,4,0,0,0,1,7,0,8,1,9,0,2,5,1,0,267,0,6,0,0,5,0,3,1,45,0,116,44,0,6,134,0,75,9,2,5,100,11,1,3,0,3,191,0,1,3,3,1,12,0,17,1,1,0,0,0,0
38110,1,2,3,0,2,0,4,1,8,0,0,10,0,0,0,0,2,8,0,0,0,12,25,85,55,6,0,0,21,24,90,2,1,80,0,17,0,0,1,24,0,0,1,3,2,32,0,2,1,0,21,6,1,1,10,15,43,0,9,6,0,7,7,0,1,0,0,0,0,2,1,1,0,0,3,0,0,0,1,0,3,2,4,5,111,2,0,0,6,0,24,8,0,1,0,0,12,0,0,0,2,0,7,5,0,3,0,1,1,0,1227,2,0,1,2,0,0,5,4,6,1,2,0,0,5,0,0,0,1,0,1,0,2,0,4,8,0,0,2,0,1,0,4,1,3,19,0,0,0,0,0,1,0,0,1,1,25,6,7,2,0,0,7,0,1,0,2,0,0,35,0,5,0,0,1,19,0,0,22,29,0,2,0,8,0,1,9,5,44,9,0,0,0,0,0,0,8,0,34,1,0,1,3,1,6,4,2,2,0,45,0,4,0,6,0,0,111,14,11,0,0,0,0,0,0,1,0,9,0,0,0,0,1,1,9,19,3,1,1,5,2,0,1,1,1,11,2,2,0,3,0,7,5,0,0,166,0,4,0,0,1,0,2,4,5,1,76,21,0,3,42,0,54,4,1,1,113,24,2,0,0,4,74,0,0,0,0,1,8,0,5,1,0,1,0,0,0
40030,3,1,6,0,2,0,2,14,8,0,0,3,0,0,1,0,6,7,2,2,0,38,53,120,75,3,0,0,38,89,271,4,3,110,0,43,1,0,3,42,0,0,3,5,3,72,0,3,5,0,51,9,0,2,17,7,60,0,8,4,1,16,11,0,0,0,0,1,0,6,2,5,0,2,11,0,0,0,5,0,3,3,2,3,225,3,1,3,6,0,12,4,0,1,1,1,53,0,2,0,7,0,7,3,0,4,0,3,9,0,3011,5,0,1,8,8,1,12,1,7,4,6,0,0,6,0,0,3,3,0,0,3,4,0,16,15,2,1,2,0,2,0,9,7,1,7,0,0,0,0,0,3,0,0,7,3,40,38,22,1,1,12,5,0,0,2,7,0,2,56,3,5,0,3,0,28,0,1,75,29,0,2,1,19,0,7,10,3,94,16,0,0,0,0,0,0,36,0,121,0,5,3,2,2,2,3,6,16,6,73,0,8,1,7,3,2,186,12,5,1,1,2,1,0,4,13,2,21,0,0,1,0,0,0,60,28,9,1,1,1,13,0,0,0,0,10,3,10,1,24,0,6,11,0,0,275,0,17,2,3,5,2,4,3,36,0,108,23,0,4,78,2,55,7,2,4,188,30,2,0,0,15,101,1,0,3,1,1,20,0,7,2,6,0,0,0,1
47090,1,2,3,0,6,0,5,10,6,0,1,4,1,0,0,0,4,9,1,1,0,32,38,123,58,1,0,0,38,86,325,9,10,156,0,38,0,0,3,32,0,0,0,0,4,53,0,2,0,0,33,0,0,1,18,9,83,0,13,7,0,4,4,0,0,0,0,1,0,11,0,2,2,1,5,0,0,0,3,0,0,5,5,2,198,2,0,2,12,0,1,0,3,2,0,2,18,1,2,0,6,0,1,6,0,1,1,0,9,0,5102,3,0,0,13,0,3,8,1,7,1,1,0,1,1,0,3,0,3,0,0,0,0,0,28,9,2,3,1,0,1,0,5,4,0,17,0,2,0,0,0,0,2,0,3,2,30,11,16,0,1,6,1,0,2,0,3,0,1,59,1,2,0,1,1,28,0,2,54,40,0,4,3,21,1,5,4,16,64,3,1,0,0,0,0,0,20,0,66,0,4,2,1,0,2,1,0,6,0,53,0,27,0,5,2,0,286,4,8,2,0,0,0,0,8,0,1,10,0,0,0,0,0,1,128,38,7,0,0,0,2,0,0,3,0,12,4,7,0,8,0,7,5,0,0,208,0,3,0,2,7,2,16,2,26,1,111,115,2,6,99,0,79,3,0,2,115,14,12,2,0,4,123,0,0,5,1,3,15,0,9,9,0,0,0,0,0
52700,4,7,45,0,7,0,12,10,6,0,0,6,1,0,0,2,8,21,5,2,0,74,31,91,149,3,0,0,46,53,268,7,2,313,0,47,0,0,7,49,0,0,0,0,8,74,0,4,1,0,75,6,0,2,10,24,70,0,27,4,1,21,2,2,0,0,1,1,1,4,0,9,1,3,6,0,0,1,6,6,4,10,7,5,375,6,0,8,6,0,10,4,1,1,0,2,47,0,7,0,15,0,3,5,1,1,0,2,8,1,3166,6,0,8,76,0,1,12,4,8,12,7,0,2,12,0,3,0,0,0,6,0,9,0,29,10,4,2,1,0,0,0,6,3,2,8,0,92,0,0,0,2,0,0,8,1,45,38,21,2,4,5,7,0,3,0,4,1,0,71,7,4,0,2,5,21,0,2,29,63,1,6,6,19,0,7,7,24,85,6,2,0,0,1,1,1,18,0,91,0,5,2,3,3,2,9,0,11,0,89,0,8,6,7,2,0,148,20,9,0,1,0,0,0,7,1,4,13,0,1,2,0,0,0,123,24,4,1,6,0,5,0,0,2,0,3,1,11,0,14,4,3,15,1,0,352,0,10,1,1,6,0,3,5,64,1,119,91,2,6,132,1,85,7,1,0,294,21,3,0,0,11,227,0,0,12,1,2,92,0,10,3,5,0,0,1,0
56340,1,3,0,0,1,0,12,8,0,0,2,2,0,0,0,1,3,18,3,2,0,55,14,284,63,3,0,0,62,85,359,7,5,317,0,43,2,1,2,45,0,0,0,0,10,41,0,7,2,0,71,0,0,0,25,17,59,0,8,8,3,10,6,2,0,0,1,2,0,3,0,2,1,1,7,0,0,0,6,0,0,5,2,4,327,6,0,4,13,0,2,0,1,1,2,2,60,0,6,0,5,1,9,3,1,1,1,3,8,0,5676,12,0,0,53,1,3,2,1,9,2,11,0,3,1,0,5,0,1,0,0,0,4,0,21,12,7,0,2,0,0,0,7,3,1,10,0,0,0,0,0,1,0,0,6,5,40,15,23,1,0,2,4,1,2,0,3,0,2,93,1,2,0,0,7,24,0,5,100,51,0,1,4,15,0,23,8,16,83,11,0,0,1,0,1,0,20,0,71,0,5,2,4,2,6,5,0,0,0,58,0,9,2,6,1,0,219,7,3,2,1,0,0,0,9,0,5,0,0,1,2,0,0,1,140,32,6,2,1,0,4,0,0,5,1,5,1,11,0,8,0,6,14,2,0,325,0,9,0,0,16,0,4,3,49,1,161,52,0,2,104,1,37,13,3,1,140,17,17,1,0,7,193,2,0,6,0,2,43,0,6,2,8,0,0,0,1
62680,1,2,5,0,8,3,2,7,6,0,0,2,0,0,0,0,6,16,6,1,0,53,26,158,75,17,0,0,39,89,245,0,1,124,0,41,0,0,2,36,0,1,0,0,2,60,0,7,0,0,51,3,0,0,24,3,46,0,13,16,0,39,7,7,0,0,1,1,0,5,1,1,0,0,6,0,0,0,4,1,5,4,1,3,160,2,0,4,4,0,26,2,1,4,0,3,30,1,9,0,3,0,2,4,1,3,2,1,12,0,1358,12,0,0,31,0,0,9,5,9,12,17,0,0,6,0,4,1,0,0,1,0,13,0,25,10,1,0,2,0,1,1,6,5,0,0,0,0,0,0,0,2,28,0,7,3,63,0,19,16,1,3,7,0,3,0,7,0,1,39,5,2,0,0,4,48,0,3,38,49,0,1,2,19,0,7,3,12,104,11,0,0,0,1,1,0,27,0,82,0,10,6,3,0,4,10,0,8,1,73,0,9,1,4,1,1,436,10,9,4,0,0,0,0,10,0,6,3,2,0,2,0,0,1,433,19,3,0,3,0,27,0,0,1,0,0,1,8,0,5,0,2,2,0,0,287,0,35,0,2,8,1,4,1,21,0,145,68,0,2,82,0,9,16,0,4,253,10,30,2,0,6,142,0,0,2,1,2,8,0,4,2,6,0,0,0,2
68110,0,3,3,0,1,0,7,10,10,1,0,5,0,0,0,0,5,10,1,4,0,25,21,48,72,11,0,0,27,25,115,2,1,111,0,14,0,2,1,51,0,0,0,3,1,64,0,2,0,0,21,1,0,0,28,1,95,0,48,20,0,5,0,17,0,0,0,1,0,9,1,0,0,0,3,1,0,0,10,0,3,3,2,16,178,12,0,37,4,0,2,0,5,0,3,0,16,0,1,0,3,0,7,4,0,0,0,4,12,0,397,5,2,0,17,5,0,10,0,24,31,4,0,0,3,0,4,2,17,0,0,0,8,0,81,4,0,0,0,1,1,1,8,0,1,0,6,0,0,0,0,1,0,0,6,0,35,2,8,1,0,2,2,0,1,0,12,0,1,35,4,3,1,0,2,12,0,1,8,34,0,0,3,6,0,4,6,2,81,12,0,0,1,0,0,0,20,0,70,0,1,0,2,1,1,2,3,6,0,59,0,20,2,7,0,0,112,13,6,0,0,2,0,0,2,0,1,5,0,3,1,0,1,1,498,18,2,0,0,0,3,1,0,4,0,7,2,3,0,15,0,15,4,0,0,161,0,6,0,0,20,0,2,2,25,2,98,26,0,1,41,0,2,1,1,0,214,17,4,0,0,9,89,0,0,0,0,0,14,0,1,2,3,0,0,0,1
77480,5,9,5,1,6,0,3,14,10,0,0,1,1,0,0,0,8,18,12,7,0,36,12,228,118,8,0,0,79,163,495,7,3,440,0,58,3,0,3,50,0,1,0,0,22,21,0,15,1,0,149,2,1,1,39,6,87,0,11,11,1,7,7,0,0,0,1,2,0,9,2,1,4,0,16,0,0,0,1,0,3,6,8,8,509,3,2,3,9,0,2,1,1,1,0,0,49,1,13,0,11,0,3,6,0,10,1,4,32,0,2172,21,0,0,21,1,1,8,0,10,1,8,0,0,3,0,65,0,2,0,0,0,6,0,10,28,5,0,4,1,0,5,12,1,0,1,0,0,0,0,0,9,0,1,27,6,65,7,12,2,1,3,4,0,5,0,6,0,1,132,1,4,1,3,7,19,0,3,66,82,0,0,4,49,0,12,6,52,108,19,0,0,1,0,1,0,33,0,70,0,9,1,1,0,9,1,0,0,0,96,0,26,1,9,2,1,846,10,23,1,0,2,1,0,17,0,2,13,1,0,0,0,0,1,21,9,4,8,3,0,9,0,0,6,1,5,0,25,0,5,1,5,17,1,0,482,0,14,1,1,17,1,5,3,98,0,239,209,0,4,227,1,30,4,2,16,114,22,6,0,0,15,369,1,2,9,3,7,81,0,13,7,5,3,0,0,1
86820,1,0,0,0,5,0,4,3,8,0,0,4,1,0,0,1,10,11,5,2,0,22,12,175,71,10,0,0,35,81,253,3,0,353,0,34,0,0,4,29,0,0,0,1,4,22,1,3,3,0,104,1,0,6,51,8,62,0,4,11,2,6,3,1,2,0,1,2,0,7,1,1,3,0,10,0,0,0,3,3,1,4,6,6,243,3,1,0,7,0,5,0,1,1,0,1,34,1,3,0,4,0,1,2,0,1,1,2,30,2,592,13,0,2,24,1,1,9,3,6,5,13,0,2,0,0,13,0,0,0,3,0,8,0,5,14,3,1,6,0,0,1,8,2,1,1,0,0,0,2,0,3,0,0,10,4,50,8,17,1,2,2,4,0,3,0,2,0,4,268,3,3,0,4,3,16,0,2,43,40,0,0,2,31,4,10,9,11,66,10,0,0,0,1,1,0,22,0,59,3,2,4,2,0,4,3,0,2,0,48,0,7,4,5,5,0,340,3,8,0,0,4,0,0,6,0,6,8,1,0,0,0,0,0,14,9,2,0,1,0,7,1,0,3,0,7,3,10,0,8,0,2,6,2,0,350,0,9,0,1,18,1,4,5,49,1,141,119,0,4,116,2,11,4,2,4,121,24,0,1,0,4,193,2,2,1,0,7,27,1,7,2,4,0,0,0,0
87830,4,7,4,0,12,0,15,14,15,1,1,9,3,0,0,1,13,33,11,5,0,62,21,261,142,4,0,0,109,171,600,12,5,1025,0,69,1,2,11,77,0,0,1,4,30,50,0,15,7,0,164,4,1,2,35,12,158,0,5,15,6,24,18,0,1,0,0,2,1,13,4,4,3,1,20,0,0,1,13,3,7,17,11,12,314,17,2,4,15,0,6,0,1,3,1,1,81,5,7,0,11,0,3,21,0,6,1,2,41,5,1684,12,0,2,34,3,7,11,3,11,5,23,0,3,9,1,21,0,4,1,3,0,13,0,11,26,4,1,2,2,2,0,15,3,1,5,0,0,0,0,0,6,2,0,16,10,106,81,12,3,6,14,4,0,3,0,7,0,2,176,9,10,0,1,9,37,0,7,61,113,0,2,10,55,0,10,5,16,206,18,0,0,3,1,0,0,64,0,114,0,19,14,3,15,5,6,0,0,0,138,0,17,7,10,1,3,976,21,18,3,1,4,0,2,15,0,7,11,0,0,3,0,1,0,23,33,20,2,0,0,13,2,0,9,2,13,3,34,0,10,1,13,23,3,0,676,0,14,3,2,25,1,5,6,122,1,319,281,0,4,227,2,37,20,10,15,323,35,16,5,0,13,344,2,1,4,1,4,133,0,27,4,12,1,0,0,1
94000,3,4,5,0,5,0,4,5,8,0,0,5,1,0,0,1,9,17,8,4,0,28,14,165,90,4,1,0,53,120,229,9,1,684,0,35,1,1,4,45,0,0,1,0,4,25,1,9,3,0,91,4,0,4,14,10,67,0,13,9,2,17,19,0,0,0,2,0,0,8,1,2,4,0,9,0,0,0,2,4,5,9,5,4,181,4,2,1,7,0,3,0,0,6,0,1,45,2,9,0,7,0,6,7,1,9,0,3,18,1,605,11,0,1,22,2,2,7,5,5,0,7,0,1,1,0,12,0,0,0,1,0,4,0,17,21,7,0,1,0,0,4,9,2,0,1,0,0,0,0,0,2,0,1,15,4,61,10,24,3,4,3,2,0,4,0,2,0,1,76,4,3,0,6,2,23,0,3,35,49,0,3,2,29,1,21,8,11,81,6,1,0,0,0,0,0,22,1,85,0,6,5,2,69,7,6,0,0,0,99,1,8,1,7,0,4,177,7,18,2,0,0,0,0,9,2,7,7,0,0,0,0,0,1,17,15,5,2,2,0,5,1,0,3,0,8,5,15,0,9,0,6,17,1,0,349,0,11,3,0,20,0,3,7,68,1,158,279,0,6,183,2,56,10,0,1,195,38,7,3,0,4,348,3,0,9,0,2,95,1,12,1,13,0,0,0,0
99590,3,1,8,0,4,0,5,6,9,0,1,2,1,0,0,2,3,18,4,2,0,38,17,221,101,5,0,0,53,81,264,66,0,523,0,34,2,0,6,43,0,0,0,0,13,24,0,11,4,0,74,2,0,1,32,5,52,0,9,7,0,9,10,1,0,0,0,0,0,6,3,3,5,0,12,0,0,0,5,1,5,3,10,6,235,9,0,4,16,1,0,4,1,0,0,0,58,0,4,0,14,0,1,10,1,3,1,1,18,2,1023,13,0,0,44,1,4,3,2,7,1,14,0,1,3,0,5,0,0,0,0,0,5,1,7,13,4,0,0,1,1,0,6,0,0,1,0,0,0,0,0,2,0,0,9,8,64,13,17,3,3,3,5,0,4,1,2,0,0,77,2,2,0,2,4,27,0,8,40,60,0,6,2,27,1,9,11,10,87,11,0,0,1,0,0,0,27,0,84,0,15,8,3,30,3,2,0,0,0,85,0,7,2,7,4,0,216,4,12,8,0,4,0,1,3,2,8,11,0,0,2,1,0,0,9,20,11,0,1,0,4,1,0,4,1,12,0,11,2,4,0,4,14,2,0,328,0,13,4,0,17,3,7,8,69,0,200,225,0,1,184,2,64,6,1,0,177,17,5,2,0,12,297,2,2,6,1,9,119,0,12,1,12,2,0,0,0
101130,5,0,3,0,9,0,17,13,6,0,3,3,2,0,0,1,11,43,9,8,0,73,19,256,154,14,0,0,114,233,499,145,9,1226,1,80,1,0,8,81,0,1,0,0,13,30,0,10,2,0,127,7,1,6,50,16,74,0,13,15,2,19,15,1,4,1,5,1,0,33,8,2,6,1,14,0,1,0,7,1,1,18,9,14,272,13,0,4,33,1,3,1,3,7,4,2,54,1,8,0,15,1,2,12,0,8,0,12,34,0,2725,25,0,0,92,4,2,7,1,12,0,16,0,3,6,0,30,0,4,0,0,0,11,0,7,20,4,1,3,3,0,2,18,6,0,1,0,1,0,0,0,4,1,1,19,10,109,26,20,1,10,2,3,0,4,0,7,0,4,205,4,5,0,4,3,30,0,13,123,62,0,12,8,47,0,3,8,17,117,17,0,0,0,0,1,0,37,0,100,1,11,10,3,37,8,13,0,0,0,118,0,15,1,8,4,0,616,16,14,9,0,8,0,1,14,1,9,9,1,0,2,0,0,0,31,11,1,3,1,0,10,0,0,12,1,14,3,20,0,6,0,5,18,3,0,631,0,16,3,3,14,4,15,9,119,1,331,412,0,11,298,5,117,14,1,9,361,29,11,4,0,9,561,2,1,5,1,7,310,0,31,9,13,0,0,0,1
103370,4,16,9,0,17,0,12,26,27,1,2,13,4,0,0,5,19,34,9,4,1,68,22,404,192,4,1,0,118,208,705,38,2,1368,0,93,6,1,16,99,0,0,2,1,17,60,2,14,4,0,240,5,0,2,41,12,101,0,12,14,3,22,16,1,0,0,2,4,2,34,4,5,17,1,25,0,0,0,10,4,3,18,12,9,291,12,2,6,20,0,9,2,2,8,2,3,88,3,11,0,20,0,9,24,0,7,1,6,37,1,2948,27,0,2,64,3,5,12,1,14,7,37,0,3,7,0,18,1,1,3,2,0,8,1,9,38,10,2,7,2,1,3,7,8,1,0,0,0,0,3,0,8,0,0,24,9,110,25,44,7,8,9,3,1,15,0,12,0,3,354,2,6,0,0,10,42,0,8,83,96,1,3,9,82,2,30,13,12,175,28,0,0,0,1,0,0,52,0,140,1,11,17,9,32,4,6,0,4,1,146,0,40,4,13,1,0,1306,14,11,8,1,6,0,0,24,1,13,9,1,0,6,0,2,0,37,22,8,3,4,0,16,1,1,9,0,10,4,31,0,13,0,8,20,4,0,841,0,19,6,2,23,5,8,5,160,1,323,581,1,16,416,9,54,7,7,17,291,39,15,1,0,20,700,3,5,15,1,11,245,0,26,2,18,0,1,0,0
106790,10,10,2,6,8,0,10,23,23,0,0,4,2,0,0,0,20,43,14,4,0,55,17,424,151,9,0,0,89,155,786,125,3,1556,0,69,3,0,9,76,0,0,0,0,26,40,1,9,8,0,234,7,1,6,29,24,56,0,10,11,2,4,22,3,5,0,2,1,0,29,0,1,6,1,20,0,1,0,5,0,2,10,15,7,356,9,0,2,41,0,1,2,3,17,1,2,73,165,12,0,21,2,4,18,0,5,0,7,53,0,2624,21,0,1,89,7,8,5,1,22,6,22,0,10,1,1,16,0,1,1,2,1,8,2,6,39,6,0,2,2,0,2,9,3,0,1,0,1,0,1,0,4,1,0,22,11,101,21,13,8,14,10,4,0,15,0,7,0,3,258,0,5,1,6,11,42,0,12,64,96,0,13,8,67,0,17,11,52,128,19,1,0,3,0,1,0,57,1,128,0,12,14,10,98,3,13,0,1,0,137,0,53,2,21,2,2,574,16,15,10,2,2,0,0,19,0,15,10,1,0,2,0,0,0,46,27,2,2,3,0,4,0,0,6,0,9,4,25,0,17,1,5,15,2,0,584,0,12,5,1,16,83,13,5,129,2,306,312,1,13,348,2,126,19,0,7,593,53,11,5,1,12,588,4,1,10,2,11,442,2,21,5,22,0,0,0,1
111630,7,10,7,0,12,0,8,14,14,1,3,8,0,0,0,1,23,13,10,4,0,74,21,499,167,6,0,0,83,291,646,8,7,644,0,75,2,0,9,76,0,0,0,0,21,40,0,11,7,0,264,7,0,4,23,13,76,0,12,11,1,8,13,4,1,0,2,3,0,27,5,3,3,0,32,0,0,0,3,1,2,4,15,8,259,8,4,8,5,1,9,0,3,4,5,0,82,3,12,0,21,0,0,22,0,3,2,2,63,0,1143,21,0,0,43,0,1,6,3,10,0,36,0,1,6,0,13,1,0,1,1,0,9,0,5,36,8,1,3,0,1,5,14,3,1,3,0,0,0,0,0,8,0,0,31,2,119,7,14,3,10,9,4,0,27,0,9,0,4,135,1,12,0,2,8,36,0,10,94,83,0,2,12,69,1,7,6,7,170,20,0,0,0,0,0,0,46,0,99,0,5,14,3,0,3,11,0,1,0,120,0,14,2,21,2,0,1321,9,22,2,0,2,0,0,28,0,5,10,2,0,0,0,0,0,17,25,6,5,1,0,16,0,0,6,0,6,3,44,0,5,0,6,13,2,0,677,0,16,3,1,21,1,12,5,148,1,285,362,0,11,390,5,24,5,3,9,152,37,11,7,0,13,738,0,2,9,4,9,57,0,29,2,14,0,0,0,2
120380,2,29,1,0,19,0,12,8,7,0,1,15,2,0,0,3,23,14,16,2,0,41,14,250,110,2,1,0,71,79,397,7,1,844,0,51,2,0,15,31,0,4,0,0,9,19,0,16,6,0,932,6,0,6,21,6,71,1,9,5,3,16,16,0,0,0,5,1,0,10,5,2,5,0,31,0,1,0,4,2,0,6,17,4,194,17,1,4,11,1,3,0,0,7,0,1,58,2,7,0,22,0,1,17,0,0,2,2,36,1,970,20,0,1,62,0,8,3,2,7,3,20,0,3,1,0,14,0,3,0,0,1,6,1,6,59,8,0,0,1,1,0,15,2,0,1,0,0,0,0,0,1,3,0,13,5,61,9,13,2,5,4,5,0,21,0,8,0,2,75,0,1,0,3,1,30,0,3,54,56,0,1,4,60,1,20,15,10,147,12,1,0,0,0,1,0,44,0,115,1,3,5,3,0,3,7,0,2,1,87,0,17,4,10,2,1,192,15,8,4,0,4,0,1,17,0,10,11,1,0,0,0,0,0,19,17,1,0,0,0,12,0,0,0,0,6,1,68,0,7,1,7,12,1,0,402,1,18,1,1,17,0,5,5,121,3,197,498,0,15,285,1,52,13,0,4,211,27,7,1,0,1,483,1,0,16,1,15,217,0,22,1,9,0,0,0,0
121250,2,15,3,0,40,0,7,12,13,0,0,26,1,0,0,1,9,11,5,1,0,23,28,156,84,2,0,0,82,33,167,5,1,504,0,58,0,1,9,28,0,0,0,3,8,26,0,23,3,0,380,0,0,1,11,8,107,0,11,19,5,29,3,0,0,0,3,0,0,9,1,1,8,0,12,0,0,0,1,1,2,8,9,3,191,14,0,2,5,0,3,4,0,6,1,0,42,1,4,0,5,0,0,5,1,3,2,2,14,0,425,23,0,1,35,1,2,5,1,10,2,1,0,0,0,0,5,0,0,0,2,0,5,0,25,29,3,0,1,1,0,0,40,0,0,1,0,0,0,0,0,3,0,0,7,3,55,4,17,1,6,3,2,0,10,0,7,0,0,70,0,4,0,1,1,60,0,1,11,69,0,4,1,20,0,8,16,7,240,4,1,0,0,0,2,0,56,0,97,0,7,6,1,0,3,2,0,0,0,71,2,10,3,6,0,0,109,6,6,3,0,0,0,0,10,0,3,10,0,0,1,0,0,1,7,13,25,1,1,0,4,0,0,0,0,2,1,15,2,6,0,2,27,0,0,310,0,29,0,0,8,3,0,17,50,1,120,314,0,3,133,0,40,6,1,3,299,8,5,1,0,6,244,0,0,8,0,9,177,0,11,4,6,0,0,0,0
122030,3,31,1,0,28,0,8,7,15,0,0,26,5,0,0,1,24,2,8,2,0,24,30,135,63,7,0,0,79,30,157,6,5,255,0,41,2,0,8,40,0,1,1,2,5,24,0,35,5,0,854,5,1,1,5,5,123,0,16,8,1,29,5,0,1,0,4,0,0,5,1,1,2,0,16,0,0,0,3,0,0,0,18,10,158,19,0,1,9,0,2,1,1,0,2,2,46,0,5,0,17,1,4,1,0,1,1,9,23,3,298,20,0,0,34,0,1,9,2,4,2,5,0,3,9,1,4,1,0,0,0,0,16,6,31,63,10,0,2,0,2,0,44,0,0,2,0,0,0,1,1,1,3,0,12,16,46,8,27,1,4,4,2,0,15,0,6,0,5,56,1,0,0,2,2,51,0,2,14,41,1,0,2,29,0,6,28,9,278,15,0,0,0,0,0,0,46,0,128,1,1,2,0,0,4,6,0,0,1,73,7,8,0,5,1,2,68,5,6,6,0,1,0,1,19,0,4,4,0,0,0,0,0,1,8,10,19,0,0,0,6,0,0,6,0,6,1,38,1,12,0,7,26,1,0,273,0,30,0,0,7,3,6,15,52,3,153,75,0,7,110,1,49,7,0,1,290,17,3,1,0,3,216,0,0,3,1,10,225,0,4,1,16,0,0,2,0
123340,1,8,3,0,10,0,5,9,5,0,0,2,1,0,0,1,9,6,1,2,0,16,8,124,106,59,2,0,43,30,113,7,0,399,0,35,0,0,5,64,0,2,0,0,4,22,0,11,1,0,267,3,0,0,19,13,50,0,11,6,1,10,6,0,1,0,7,0,0,19,0,6,0,1,5,0,0,0,5,4,1,4,8,22,153,5,0,7,6,1,3,0,0,3,0,3,53,0,2,0,10,0,2,2,0,0,2,24,9,1,327,11,0,2,23,0,0,20,2,10,4,13,0,2,2,0,10,3,1,2,1,0,2,1,8,9,4,0,0,0,0,1,13,1,0,1,0,0,0,0,0,2,1,0,5,1,74,1,15,1,4,4,0,0,7,0,8,0,3,80,2,2,0,1,0,14,0,5,14,45,1,4,0,12,0,3,5,22,56,9,0,0,0,0,2,0,29,0,68,2,6,2,6,0,4,9,0,0,0,63,3,23,1,3,2,1,46,12,13,4,0,0,0,0,2,0,9,13,0,0,1,0,0,0,4,29,1,2,0,0,11,0,0,1,0,3,3,12,1,20,1,9,8,1,0,234,0,10,1,1,11,0,1,1,35,5,127,129,0,3,83,0,26,5,0,0,265,38,4,0,0,3,129,0,0,3,2,4,543,1,7,1,8,0,0,0,1
123860,4,3,3,0,5,0,11,6,4,0,0,3,1,0,0,0,4,5,3,0,0,7,2,85,66,27,1,0,29,3,67,6,1,209,0,30,0,0,2,37,1,1,0,1,2,6,0,3,2,0,203,2,0,0,4,12,52,0,5,7,0,8,7,0,1,0,0,0,0,14,0,1,4,0,5,0,0,0,1,5,1,1,3,13,73,2,0,0,8,0,4,0,1,1,0,0,42,0,4,0,1,1,2,3,0,0,0,18,13,0,225,15,0,0,15,0,2,9,6,7,4,1,1,0,7,0,0,0,1,0,0,0,1,0,3,5,2,0,1,0,0,0,8,1,1,0,0,0,0,0,1,0,0,0,3,1,49,2,15,1,2,2,0,0,3,0,1,0,3,59,4,0,0,0,1,16,0,5,16,47,0,3,1,9,0,7,3,17,49,16,0,0,1,0,0,0,21,0,78,0,0,2,1,1,2,13,0,3,1,42,4,12,0,8,1,0,33,3,4,6,0,0,0,0,2,0,4,4,0,0,0,0,0,1,4,22,4,2,0,0,4,0,0,3,0,5,1,10,1,14,2,3,16,1,0,185,0,5,1,0,7,1,2,1,13,3,93,46,0,3,45,3,27,4,0,3,237,30,3,0,0,1,92,1,1,2,1,2,193,0,4,2,8,0,0,0,0
