Age [ka BP]	δ18O H2O [‰ SMOW]
-0.05	-35.19
0.00	-35.19
0.00	-34.83
0.05	-34.83
0.05	-35.05
0.10	-35.05
0.10	-35.45
0.15	-35.45
0.15	-35.42
0.20	-35.42
0.20	-35.63
0.25	-35.63
0.25	-35.80
0.30	-35.80
0.30	-35.62
0.35	-35.62
0.35	-35.48
0.40	-35.48
0.40	-35.36
0.45	-35.36
0.45	-35.41
0.50	-35.41
0.50	-35.10
0.55	-35.10
0.55	-35.27
0.60	-35.27
0.60	-35.67
0.65	-35.67
0.65	-35.33
0.70	-35.33
0.70	-35.38
0.75	-35.38
0.75	-35.63
0.80	-35.63
0.80	-35.49
0.85	-35.49
0.85	-35.30
0.90	-35.30
0.90	-35.66
0.95	-35.66
0.95	-35.01
1.00	-35.01
1.00	-35.09
1.05	-35.09
1.05	-35.58
1.10	-35.58
1.10	-35.51
1.15	-35.51
1.15	-35.34
1.20	-35.34
1.20	-35.27
1.25	-35.27
1.25	-35.26
1.30	-35.26
1.30	-35.09
1.35	-35.09
1.35	-35.20
1.40	-35.20
1.40	-35.09
1.45	-35.09
1.45	-35.68
1.50	-35.68
1.50	-35.42
1.55	-35.42
1.55	-34.84
1.60	-34.84
1.60	-35.68
1.65	-35.68
1.65	-35.22
1.70	-35.22
1.70	-35.72
1.75	-35.72
1.75	-35.43
1.80	-35.43
1.80	-35.19
1.85	-35.19
1.85	-34.66
1.90	-34.66
1.90	-35.03
1.95	-35.03
1.95	-35.00
2.00	-35.00
2.00	-35.12
2.05	-35.12
2.05	-35.19
2.10	-35.19
2.10	-35.60
2.15	-35.60
2.15	-35.33
2.20	-35.33
2.20	-34.77
2.25	-34.77
2.25	-34.99
2.30	-34.99
2.30	-35.10
2.35	-35.10
2.35	-34.93
2.40	-34.93
2.40	-35.65
2.45	-35.65
2.45	-35.25
2.50	-35.25
2.50	-35.11
2.55	-35.11
2.55	-35.29
2.60	-35.29
2.60	-35.32
2.65	-35.32
2.65	-35.19
2.70	-35.19
2.70	-34.86
2.75	-34.86
2.75	-34.96
2.80	-34.96
2.80	-35.14
2.85	-35.14
2.85	-35.03
2.90	-35.03
2.90	-34.64
2.95	-34.64
2.95	-34.98
3.00	-34.98
3.00	-35.19
3.05	-35.19
3.05	-34.91
3.10	-34.91
3.10	-35.02
3.15	-35.02
3.15	-35.17
3.20	-35.17
3.20	-35.08
3.25	-35.08
3.25	-35.15
3.30	-35.15
3.30	-34.91
3.35	-34.91
3.35	-34.81
3.40	-34.81
3.40	-35.07
3.45	-35.07
3.45	-35.00
3.50	-35.00
3.50	-34.96
3.55	-34.96
3.55	-35.13
3.60	-35.13
3.60	-34.49
3.65	-34.49
3.65	-34.63
3.70	-34.63
3.70	-35.06
3.75	-35.06
3.75	-35.05
3.80	-35.05
3.80	-35.21
3.85	-35.21
3.85	-35.11
3.90	-35.11
3.90	-35.07
3.95	-35.07
3.95	-34.73
4.00	-34.73
4.00	-35.02
4.05	-35.02
4.05	-35.25
4.10	-35.25
4.10	-34.96
4.15	-34.96
4.15	-34.65
4.20	-34.65
4.20	-35.19
4.25	-35.19
4.25	-34.65
4.30	-34.65
4.30	-35.10
4.35	-35.10
4.35	-34.99
4.40	-34.99
4.40	-34.65
4.45	-34.65
4.45	-35.00
4.50	-35.00
4.50	-34.45
4.55	-34.45
4.55	-34.87
4.60	-34.87
4.60	-35.05
4.65	-35.05
4.65	-34.78
4.70	-34.78
4.70	-34.60
4.75	-34.60
4.75	-34.85
4.80	-34.85
4.80	-34.74
4.85	-34.74
4.85	-34.40
4.90	-34.40
4.90	-34.72
4.95	-34.72
4.95	-34.76
5.00	-34.76
5.00	-34.65
5.05	-34.65
5.05	-34.98
5.10	-34.98
5.10	-34.41
5.15	-34.41
5.15	-34.68
5.20	-34.68
5.20	-35.09
5.25	-35.09
5.25	-34.97
5.30	-34.97
5.30	-35.02
5.35	-35.02
5.35	-34.64
5.40	-34.64
5.40	-34.56
5.45	-34.56
5.45	-34.51
5.50	-34.51
5.50	-34.82
5.55	-34.82
5.55	-34.63
5.60	-34.63
5.60	-35.09
5.65	-35.09
5.65	-34.75
5.70	-34.75
5.70	-34.62
5.75	-34.62
5.75	-34.82
5.80	-34.82
5.80	-34.22
5.85	-34.22
5.85	-34.73
5.90	-34.73
5.90	-34.96
5.95	-34.96
5.95	-34.93
6.00	-34.93
6.00	-34.83
6.05	-34.83
6.05	-34.40
6.10	-34.40
6.10	-34.81
6.15	-34.81
6.15	-34.77
6.20	-34.77
6.20	-34.80
6.25	-34.80
6.25	-34.78
6.30	-34.78
6.30	-34.65
6.35	-34.65
6.35	-34.35
6.40	-34.35
6.40	-34.55
6.45	-34.55
6.45	-35.08
6.50	-35.08
6.50	-34.47
6.55	-34.47
6.55	-34.61
6.60	-34.61
6.60	-34.54
6.65	-34.54
6.65	-34.51
6.70	-34.51
6.70	-34.72
6.75	-34.72
6.75	-34.66
6.80	-34.66
6.80	-34.54
6.85	-34.54
6.85	-34.77
6.90	-34.77
6.90	-34.60
6.95	-34.60
6.95	-34.79
7.00	-34.79
7.00	-34.70
7.05	-34.70
7.05	-34.81
7.10	-34.81
7.10	-34.82
7.15	-34.82
7.15	-34.61
7.20	-34.61
7.20	-34.91
7.25	-34.91
7.25	-34.69
7.30	-34.69
7.30	-34.43
7.35	-34.43
7.35	-34.41
7.40	-34.41
7.40	-34.52
7.45	-34.52
7.45	-34.69
7.50	-34.69
7.50	-34.23
7.55	-34.23
7.55	-34.33
7.60	-34.33
7.60	-34.39
7.65	-34.39
7.65	-34.42
7.70	-34.42
7.70	-34.06
7.75	-34.06
7.75	-34.25
7.80	-34.25
7.80	-34.89
7.85	-34.89
7.85	-34.54
7.90	-34.54
7.90	-34.13
7.95	-34.13
7.95	-34.63
8.00	-34.63
8.00	-34.65
8.05	-34.65
8.05	-35.51
8.10	-35.51
8.10	-35.98
8.15	-35.98
8.15	-35.39
8.20	-35.39
8.20	-34.60
8.25	-34.60
8.25	-34.69
8.30	-34.69
8.30	-35.13
8.35	-35.13
8.35	-34.77
8.40	-34.77
8.40	-34.60
8.45	-34.60
8.45	-34.71
8.50	-34.71
8.50	-34.46
8.55	-34.46
8.55	-35.12
8.60	-35.12
8.60	-34.75
8.65	-34.75
8.65	-34.82
8.70	-34.82
8.70	-35.05
8.75	-35.05
8.75	-34.67
8.80	-34.67
8.80	-34.30
8.85	-34.30
8.85	-34.71
8.90	-34.71
8.90	-34.66
8.95	-34.66
8.95	-35.22
9.00	-35.22
9.00	-34.78
9.05	-34.78
9.05	-34.49
9.10	-34.49
9.10	-34.81
9.15	-34.81
9.15	-35.48
9.20	-35.48
9.20	-35.41
9.25	-35.41
9.25	-34.78
9.30	-34.78
9.30	-34.87
9.35	-34.87
9.35	-35.12
9.40	-35.12
9.40	-34.83
9.45	-34.83
9.45	-34.91
9.50	-34.91
9.50	-34.86
9.55	-34.86
9.55	-34.86
9.60	-34.86
9.60	-34.70
9.65	-34.70
9.65	-34.64
9.70	-34.64
9.70	-35.15
9.75	-35.15
9.75	-34.99
9.80	-34.99
9.80	-35.13
9.85	-35.13
9.85	-34.93
9.90	-34.93
9.90	-35.29
9.95	-35.29
9.95	-35.25
10.00	-35.25
10.00	-35.24
10.05	-35.24
10.05	-35.38
10.10	-35.38
10.10	-36.27
10.15	-36.27
10.15	-35.73
10.20	-35.73
10.20	-36.18
10.25	-36.18
10.25	-36.22
10.30	-36.22
10.30	-36.09
10.35	-36.09
10.35	-35.70
10.40	-35.70
10.40	-35.90
10.45	-35.90
10.45	-36.30
10.50	-36.30
10.50	-35.62
10.55	-35.62
10.55	-36.17
10.60	-36.17
10.60	-36.31
10.65	-36.31
10.65	-36.54
10.70	-36.54
10.70	-37.36
10.75	-37.36
10.75	-37.23
10.80	-37.23
10.80	-36.99
10.85	-36.99
10.85	-36.70
10.90	-36.70
10.90	-36.78
10.95	-36.78
10.95	-36.73
11.00	-36.73
11.00	-37.48
11.05	-37.48
11.05	-36.51
11.10	-36.51
11.10	-36.96
11.15	-36.96
11.15	-37.44
11.20	-37.44
11.20	-37.98
11.25	-37.98
11.25	-38.03
11.30	-38.03
11.30	-37.13
11.35	-37.13
11.35	-36.77
11.40	-36.77
11.40	-36.70
11.45	-36.70
11.45	-38.99
11.50	-38.99
11.50	-40.22
11.55	-40.22
11.55	-40.22
11.60	-40.22
11.60	-39.71
11.65	-39.71
11.65	-40.84
11.70	-40.84
11.70	-41.04
11.75	-41.04
11.75	-40.41
11.80	-40.41
11.80	-39.95
11.85	-39.95
11.85	-41.22
11.90	-41.22
11.90	-41.38
11.95	-41.38
11.95	-40.63
12.00	-40.63
12.00	-40.39
12.05	-40.39
12.05	-40.76
12.10	-40.76
12.10	-41.37
12.15	-41.37
12.15	-40.97
12.20	-40.97
12.20	-41.06
12.25	-41.06
12.25	-40.54
12.30	-40.54
12.30	-40.82
12.35	-40.82
12.35	-41.67
12.40	-41.67
12.40	-41.11
12.45	-41.11
12.45	-42.21
12.50	-42.21
12.50	-40.86
12.55	-40.86
12.55	-40.18
12.60	-40.18
12.60	-39.53
12.65	-39.53
12.65	-39.03
12.70	-39.03
12.70	-38.76
12.75	-38.76
12.75	-39.38
12.80	-39.38
12.80	-39.88
12.85	-39.88
12.85	-40.07
12.90	-40.07
12.90	-41.07
12.95	-41.07
12.95	-40.05
13.00	-40.05
13.00	-40.20
13.05	-40.20
13.05	-39.07
13.10	-39.07
13.10	-39.19
13.15	-39.19
13.15	-38.57
13.20	-38.57
13.20	-38.44
13.25	-38.44
13.25	-38.61
13.30	-38.61
13.30	-38.01
13.35	-38.01
13.35	-38.52
13.40	-38.52
13.40	-39.25
13.45	-39.25
13.45	-39.77
13.50	-39.77
13.50	-38.74
13.55	-38.74
13.55	-38.25
13.60	-38.25
13.60	-39.08
13.65	-39.08
13.65	-38.38
13.70	-38.38
13.70	-38.08
13.75	-38.08
13.75	-38.39
13.80	-38.39
13.80	-39.46
13.85	-39.46
13.85	-40.11
13.90	-40.11
13.90	-39.71
13.95	-39.71
13.95	-38.25
14.00	-38.25
14.00	-38.14
14.05	-38.14
14.05	-37.89
14.10	-37.89
14.10	-37.59
14.15	-37.59
14.15	-37.21
14.20	-37.21
14.20	-37.17
14.25	-37.17
14.25	-36.95
14.30	-36.95
14.30	-37.29
14.35	-37.29
14.35	-36.26
14.40	-36.26
14.40	-36.25
14.45	-36.25
14.45	-36.40
14.50	-36.40
14.50	-37.47
14.55	-37.47
14.55	-40.06
14.60	-40.06
14.60	-41.75
14.65	-41.75
14.65	-40.58
14.70	-40.58
14.70	-41.60
14.75	-41.60
14.75	-41.13
14.80	-41.13
14.80	-41.56
14.85	-41.56
14.85	-42.31
14.90	-42.31
14.90	-42.03
14.95	-42.03
14.95	-42.06
15.00	-42.06
15.00	-42.01
15.05	-42.01
15.05	-42.23
15.10	-42.23
15.10	-42.55
15.15	-42.55
15.15	-40.78
15.20	-40.78
15.20	-42.38
15.25	-42.38
15.25	-42.00
15.30	-42.00
15.30	-42.55
15.35	-42.55
15.35	-43.48
15.40	-43.48
15.40	-42.76
15.45	-42.76
15.45	-41.94
15.50	-41.94
15.50	-43.63
15.55	-43.63
15.55	-43.29
15.60	-43.29
15.60	-41.41
15.65	-41.41
15.65	-41.92
15.70	-41.92
15.70	-41.69
15.75	-41.69
15.75	-41.88
15.80	-41.88
15.80	-41.53
15.85	-41.53
15.85	-43.56
15.90	-43.56
15.90	-42.18
15.95	-42.18
15.95	-42.41
16.00	-42.41
16.00	-41.45
16.05	-41.45
16.05	-42.01
16.10	-42.01
16.10	-41.61
16.15	-41.61
16.15	-41.68
16.20	-41.68
16.20	-40.80
16.25	-40.80
16.25	-41.00
16.30	-41.00
16.30	-41.82
16.35	-41.82
16.35	-41.36
16.40	-41.36
16.40	-41.17
16.45	-41.17
16.45	-40.44
16.50	-40.44
16.50	-40.31
16.55	-40.31
16.55	-41.90
16.60	-41.90
16.60	-41.28
16.65	-41.28
16.65	-40.42
16.70	-40.42
16.70	-40.42
16.75	-40.42
16.75	-40.45
16.80	-40.45
16.80	-40.99
16.85	-40.99
16.85	-40.76
16.90	-40.76
16.90	-41.02
16.95	-41.02
16.95	-42.02
17.00	-42.02
17.00	-41.14
17.05	-41.14
17.05	-40.27
17.10	-40.27
17.10	-40.18
17.15	-40.18
17.15	-41.44
17.20	-41.44
17.20	-40.66
17.25	-40.66
17.25	-41.15
17.30	-41.15
17.30	-41.88
17.35	-41.88
17.35	-42.16
17.40	-42.16
17.40	-42.60
17.45	-42.60
17.45	-41.80
17.50	-41.80
17.50	-42.53
17.55	-42.53
17.55	-41.83
17.60	-41.83
17.60	-41.35
17.65	-41.35
17.65	-42.07
17.70	-42.07
17.70	-42.47
17.75	-42.47
17.75	-42.63
17.80	-42.63
17.80	-42.35
17.85	-42.35
17.85	-42.25
17.90	-42.25
17.90	-41.69
17.95	-41.69
17.95	-40.73
18.00	-40.73
18.00	-41.66
18.05	-41.66
18.05	-40.93
18.10	-40.93
18.10	-41.45
18.15	-41.45
18.15	-42.09
18.20	-42.09
18.20	-41.28
18.25	-41.28
18.25	-41.04
18.30	-41.04
18.30	-41.89
18.35	-41.89
18.35	-41.32
18.40	-41.32
18.40	-42.19
18.45	-42.19
18.45	-41.71
18.50	-41.71
18.50	-42.34
18.55	-42.34
18.55	-42.48
18.60	-42.48
18.60	-42.31
18.65	-42.31
18.65	-41.37
18.70	-41.37
18.70	-42.18
18.75	-42.18
18.75	-42.82
18.80	-42.82
18.80	-41.26
18.85	-41.26
18.85	-41.97
18.90	-41.97
18.90	-41.52
18.95	-41.52
18.95	-41.13
19.00	-41.13
19.00	-41.05
19.05	-41.05
19.05	-41.36
19.10	-41.36
19.10	-42.82
19.15	-42.82
19.15	-40.88
19.20	-40.88
19.20	-40.98
19.25	-40.98
19.25	-42.60
19.30	-42.60
19.30	-41.77
19.35	-41.77
19.35	-42.57
19.40	-42.57
19.40	-42.18
19.45	-42.18
19.45	-42.22
19.50	-42.22
19.50	-41.73
19.55	-41.73
19.55	-42.29
19.60	-42.29
19.60	-42.01
19.65	-42.01
19.65	-42.90
19.70	-42.90
19.70	-43.20
19.75	-43.20
19.75	-43.34
19.80	-43.34
19.80	-42.38
19.85	-42.38
19.85	-42.76
19.90	-42.76
19.90	-43.87
19.95	-43.87
19.95	-42.03
20.00	-42.03
20.00	-41.01
20.05	-41.01
20.05	-41.79
20.10	-41.79
20.10	-42.28
20.15	-42.28
20.15	-42.11
20.20	-42.11
20.20	-42.70
20.25	-42.70
20.25	-42.49
20.30	-42.49
20.30	-42.75
20.35	-42.75
20.35	-44.28
20.40	-44.28
20.40	-42.61
20.45	-42.61
20.45	-43.15
20.50	-43.15
20.50	-42.06
20.55	-42.06
20.55	-42.96
20.60	-42.96
20.60	-43.29
20.65	-43.29
20.65	-42.14
20.70	-42.14
20.70	-42.41
20.75	-42.41
20.75	-42.77
20.80	-42.77
20.80	-42.07
20.85	-42.07
20.85	-43.05
20.90	-43.05
20.90	-42.14
20.95	-42.14
20.95	-41.71
21.00	-41.71
21.00	-42.65
21.05	-42.65
21.05	-42.95
21.10	-42.95
21.10	-43.75
21.15	-43.75
21.15	-42.91
21.20	-42.91
21.20	-43.28
21.25	-43.28
21.25	-42.36
21.30	-42.36
21.30	-41.85
21.35	-41.85
21.35	-42.83
21.40	-42.83
21.40	-41.87
21.45	-41.87
21.45	-42.03
21.50	-42.03
21.50	-41.59
21.55	-41.59
21.55	-41.56
21.60	-41.56
21.60	-42.14
21.65	-42.14
21.65	-42.34
21.70	-42.34
21.70	-42.90
21.75	-42.90
21.75	-42.40
21.80	-42.40
21.80	-42.31
21.85	-42.31
21.85	-43.01
21.90	-43.01
21.90	-42.24
21.95	-42.24
21.95	-42.38
22.00	-42.38
22.00	-43.48
22.05	-43.48
22.05	-41.22
22.10	-41.22
22.10	-41.20
22.15	-41.20
22.15	-42.49
22.20	-42.49
22.20	-41.87
22.25	-41.87
22.25	-41.18
22.30	-41.18
22.30	-42.27
22.35	-42.27
22.35	-42.11
22.40	-42.11
22.40	-42.76
22.45	-42.76
22.45	-42.47
22.50	-42.47
22.50	-41.76
22.55	-41.76
22.55	-41.07
22.60	-41.07
22.60	-39.76
22.65	-39.76
22.65	-41.92
22.70	-41.92
22.70	-43.46
22.75	-43.46
22.75	-42.00
22.80	-42.00
22.80	-43.68
22.85	-43.68
22.85	-43.61
22.90	-43.61
22.90	-43.77
22.95	-43.77
22.95	-43.67
23.00	-43.67
23.00	-44.07
23.05	-44.07
23.05	-43.12
23.10	-43.12
23.10	-43.72
23.15	-43.72
23.15	-44.19
23.20	-44.19
23.20	-43.53
23.25	-43.53
23.25	-43.57
23.30	-43.57
23.30	-42.65
23.35	-42.65
23.35	-43.14
23.40	-43.14
23.40	-43.74
23.45	-43.74
23.45	-43.55
23.50	-43.55
23.50	-43.82
23.55	-43.82
23.55	-44.32
23.60	-44.32
23.60	-43.80
23.65	-43.80
23.65	-42.62
23.70	-42.62
23.70	-43.54
23.75	-43.54
23.75	-43.41
23.80	-43.41
23.80	-43.50
23.85	-43.50
23.85	-43.20
23.90	-43.20
23.90	-42.70
23.95	-42.70
23.95	-43.60
24.00	-43.60
24.00	-44.23
24.05	-44.23
24.05	-43.04
24.10	-43.04
24.10	-43.84
24.15	-43.84
24.15	-44.06
24.20	-44.06
24.20	-43.89
24.25	-43.89
24.25	-44.49
24.30	-44.49
24.30	-42.67
24.35	-42.67
24.35	-42.74
24.40	-42.74
24.40	-43.43
24.45	-43.43
24.45	-44.21
24.50	-44.21
24.50	-43.39
24.55	-43.39
24.55	-42.79
24.60	-42.79
24.60	-44.00
24.65	-44.00
24.65	-43.45
24.70	-43.45
24.70	-42.93
24.75	-42.93
24.75	-44.13
24.80	-44.13
24.80	-44.86
24.85	-44.86
24.85	-42.36
24.90	-42.36
24.90	-43.39
24.95	-43.39
24.95	-43.44
25.00	-43.44
25.00	-44.56
25.05	-44.56
25.05	-44.76
25.10	-44.76
25.10	-44.18
25.15	-44.18
25.15	-43.73
25.20	-43.73
25.20	-44.76
25.25	-44.76
25.25	-44.37
25.30	-44.37
25.30	-43.45
25.35	-43.45
25.35	-43.45
25.40	-43.45
25.40	-44.76
25.45	-44.76
25.45	-42.46
25.50	-42.46
25.50	-43.24
25.55	-43.24
25.55	-42.27
25.60	-42.27
25.60	-42.76
25.65	-42.76
25.65	-43.18
25.70	-43.18
25.70	-42.79
25.75	-42.79
25.75	-42.67
25.80	-42.67
25.80	-42.44
25.85	-42.44
25.85	-42.94
25.90	-42.94
25.90	-43.79
25.95	-43.79
25.95	-45.62
26.00	-45.62
26.00	-44.40
26.05	-44.40
26.05	-43.54
26.10	-43.54
26.10	-43.17
26.15	-43.17
26.15	-43.36
26.20	-43.36
26.20	-44.16
26.25	-44.16
26.25	-44.07
26.30	-44.07
26.30	-43.23
26.35	-43.23
26.35	-43.91
26.40	-43.91
26.40	-43.47
26.45	-43.47
26.45	-42.54
26.50	-42.54
26.50	-43.97
26.55	-43.97
26.55	-43.97
26.60	-43.97
26.60	-42.36
26.65	-42.36
26.65	-42.63
26.70	-42.63
26.70	-43.45
26.75	-43.45
26.75	-43.35
26.80	-43.35
26.80	-43.08
26.85	-43.08
26.85	-44.06
26.90	-44.06
26.90	-44.40
26.95	-44.40
26.95	-44.58
27.00	-44.58
27.00	-43.61
27.05	-43.61
27.05	-43.03
27.10	-43.03
27.10	-41.42
27.15	-41.42
27.15	-40.72
27.20	-40.72
27.20	-39.62
27.25	-39.62
27.25	-39.40
27.30	-39.40
27.30	-38.37
27.35	-38.37
27.35	-43.20
27.40	-43.20
27.40	-43.72
27.45	-43.72
27.45	-43.82
27.50	-43.82
27.50	-43.85
27.55	-43.85
27.55	-44.84
27.60	-44.84
27.60	-44.20
27.65	-44.20
27.65	-44.58
27.70	-44.58
27.70	-44.05
27.75	-44.05
27.75	-44.15
27.80	-44.15
27.80	-44.48
27.85	-44.48
27.85	-43.75
27.90	-43.75
27.90	-44.70
27.95	-44.70
27.95	-43.59
28.00	-43.59
28.00	-43.78
28.05	-43.78
28.05	-44.28
28.10	-44.28
28.10	-43.20
28.15	-43.20
28.15	-43.23
28.20	-43.23
28.20	-40.58
28.25	-40.58
28.25	-40.33
28.30	-40.33
28.30	-40.45
28.35	-40.45
28.35	-40.36
28.40	-40.36
28.40	-39.02
28.45	-39.02
28.45	-40.23
28.50	-40.23
28.50	-42.50
28.55	-42.50
28.55	-43.60
28.60	-43.60
28.60	-44.37
28.65	-44.37
28.65	-44.08
28.70	-44.08
28.70	-44.54
28.75	-44.54
28.75	-43.71
28.80	-43.71
28.80	-44.13
28.85	-44.13
28.85	-44.32
28.90	-44.32
28.90	-43.65
28.95	-43.65
28.95	-43.51
29.00	-43.51
29.00	-44.14
29.05	-44.14
29.05	-45.07
29.10	-45.07
29.10	-44.35
29.15	-44.35
29.15	-45.82
29.20	-45.82
29.20	-44.57
29.25	-44.57
29.25	-45.22
29.30	-45.22
29.30	-44.39
29.35	-44.39
29.35	-44.15
29.40	-44.15
29.40	-44.31
29.45	-44.31
29.45	-44.51
29.50	-44.51
29.50	-44.06
29.55	-44.06
29.55	-43.98
29.60	-43.98
29.60	-44.83
29.65	-44.83
29.65	-44.47
29.70	-44.47
29.70	-45.11
29.75	-45.11
29.75	-44.22
29.80	-44.22
29.80	-44.37
29.85	-44.37
29.85	-45.09
29.90	-45.09
29.90	-43.74
29.95	-43.74
29.95	-44.04
30.00	-44.04
30.00	-44.88
30.05	-44.88
30.05	-43.76
30.10	-43.76
30.10	-43.35
30.15	-43.35
30.15	-43.83
30.20	-43.83
30.20	-42.23
30.25	-42.23
30.25	-42.37
30.30	-42.37
30.30	-43.00
30.35	-43.00
30.35	-43.85
30.40	-43.85
30.40	-43.12
30.45	-43.12
30.45	-43.65
30.50	-43.65
30.50	-44.24
30.55	-44.24
30.55	-44.21
30.60	-44.21
30.60	-43.66
30.65	-43.66
30.65	-43.89
30.70	-43.89
30.70	-43.58
30.75	-43.58
30.75	-43.28
30.80	-43.28
30.80	-44.29
30.85	-44.29
30.85	-44.13
30.90	-44.13
30.90	-43.22
30.95	-43.22
30.95	-43.74
31.00	-43.74
31.00	-44.21
31.05	-44.21
31.05	-43.46
31.10	-43.46
31.10	-43.08
31.15	-43.08
31.15	-44.40
31.20	-44.40
31.20	-43.69
31.25	-43.69
31.25	-44.02
31.30	-44.02
31.30	-43.95
31.35	-43.95
31.35	-43.09
31.40	-43.09
31.40	-43.68
31.45	-43.68
31.45	-43.39
31.50	-43.39
31.50	-44.07
31.55	-44.07
31.55	-43.65
31.60	-43.65
31.60	-43.96
31.65	-43.96
31.65	-43.40
31.70	-43.40
31.70	-43.57
31.75	-43.57
31.75	-41.55
31.80	-41.55
31.80	-41.70
31.85	-41.70
31.85	-40.61
31.90	-40.61
31.90	-40.30
31.95	-40.30
31.95	-40.43
32.00	-40.43
32.00	-40.40
32.05	-40.40
32.05	-39.94
32.10	-39.94
32.10	-39.88
32.15	-39.88
32.15	-38.92
32.20	-38.92
32.20	-42.28
32.25	-42.28
32.25	-43.91
32.30	-43.91
32.30	-43.81
32.35	-43.81
32.35	-44.18
32.40	-44.18
32.40	-44.26
32.45	-44.26
32.45	-43.77
32.50	-43.77
32.50	-44.17
32.55	-44.17
32.55	-44.69
32.60	-44.69
32.60	-45.14
32.65	-45.14
32.65	-43.84
32.70	-43.84
32.70	-42.97
32.75	-42.97
32.75	-43.48
32.80	-43.48
32.80	-43.68
32.85	-43.68
32.85	-43.81
32.90	-43.81
32.90	-43.26
32.95	-43.26
32.95	-43.21
33.00	-43.21
33.00	-43.56
33.05	-43.56
33.05	-44.19
33.10	-44.19
33.10	-43.14
33.15	-43.14
33.15	-41.10
33.20	-41.10
33.20	-40.38
33.25	-40.38
33.25	-39.92
33.30	-39.92
33.30	-39.66
33.35	-39.66
33.35	-39.82
33.40	-39.82
33.40	-39.78
33.45	-39.78
33.45	-39.03
33.50	-39.03
33.50	-41.04
33.55	-41.04
33.55	-41.91
33.60	-41.91
33.60	-42.70
33.65	-42.70
33.65	-42.73
33.70	-42.73
33.70	-43.26
33.75	-43.26
33.75	-43.32
33.80	-43.32
33.80	-42.49
33.85	-42.49
33.85	-42.92
33.90	-42.92
33.90	-42.72
33.95	-42.72
33.95	-42.85
34.00	-42.85
34.00	-42.59
34.05	-42.59
34.05	-43.38
34.10	-43.38
34.10	-43.09
34.15	-43.09
34.15	-42.81
34.20	-42.81
34.20	-42.61
34.25	-42.61
34.25	-42.97
34.30	-42.97
34.30	-43.38
34.35	-43.38
34.35	-42.98
34.40	-42.98
34.40	-41.93
34.45	-41.93
34.45	-42.20
34.50	-42.20
34.50	-40.05
34.55	-40.05
34.55	-40.50
34.60	-40.50
34.60	-40.40
34.65	-40.40
34.65	-40.77
34.70	-40.77
34.70	-41.17
34.75	-41.17
34.75	-40.99
34.80	-40.99
34.80	-40.30
34.85	-40.30
34.85	-39.35
34.90	-39.35
34.90	-40.17
34.95	-40.17
34.95	-39.67
35.00	-39.67
35.00	-39.80
35.05	-39.80
35.05	-39.36
35.10	-39.36
35.10	-39.51
35.15	-39.51
35.15	-39.24
35.20	-39.24
35.20	-38.78
35.25	-38.78
35.25	-38.63
35.30	-38.63
35.30	-39.86
35.35	-39.86
35.35	-42.62
35.40	-42.62
35.40	-42.74
35.45	-42.74
35.45	-42.83
35.50	-42.83
35.50	-42.60
35.55	-42.60
35.55	-41.95
35.60	-41.95
35.60	-42.58
35.65	-42.58
35.65	-43.43
35.70	-43.43
35.70	-44.52
35.75	-44.52
35.75	-44.52
35.80	-44.52
35.80	-42.59
35.85	-42.59
35.85	-43.13
35.90	-43.13
35.90	-43.32
35.95	-43.32
35.95	-42.93
36.00	-42.93
36.00	-42.81
36.05	-42.81
36.05	-42.43
36.10	-42.43
36.10	-42.75
36.15	-42.75
36.15	-43.32
36.20	-43.32
36.20	-42.88
36.25	-42.88
36.25	-42.00
36.30	-42.00
36.30	-43.06
36.35	-43.06
36.35	-42.12
36.40	-42.12
36.40	-41.75
36.45	-41.75
36.45	-43.23
36.50	-43.23
36.50	-42.21
36.55	-42.21
36.55	-40.82
36.60	-40.82
36.60	-41.05
36.65	-41.05
36.65	-41.09
36.70	-41.09
36.70	-41.26
36.75	-41.26
36.75	-40.40
36.80	-40.40
36.80	-41.54
36.85	-41.54
36.85	-41.31
36.90	-41.31
36.90	-41.52
36.95	-41.52
36.95	-41.01
37.00	-41.01
37.00	-41.33
37.05	-41.33
37.05	-40.96
37.10	-40.96
37.10	-40.21
37.15	-40.21
37.15	-40.02
37.20	-40.02
37.20	-39.59
37.25	-39.59
37.25	-39.93
37.30	-39.93
37.30	-39.28
37.35	-39.28
37.35	-40.29
37.40	-40.29
37.40	-40.21
37.45	-40.21
37.45	-38.77
37.50	-38.77
37.50	-39.28
37.55	-39.28
37.55	-38.74
37.60	-38.74
37.60	-39.15
37.65	-39.15
37.65	-38.90
37.70	-38.90
37.70	-38.71
37.75	-38.71
37.75	-39.04
37.80	-39.04
37.80	-39.12
37.85	-39.12
37.85	-39.03
37.90	-39.03
37.90	-39.41
37.95	-39.41
37.95	-39.05
38.00	-39.05
38.00	-38.64
38.05	-38.64
38.05	-38.50
38.10	-38.50
38.10	-38.97
38.15	-38.97
38.15	-38.20
38.20	-38.20
38.20	-38.13
38.25	-38.13
38.25	-38.99
38.30	-38.99
38.30	-41.76
38.35	-41.76
38.35	-42.30
38.40	-42.30
38.40	-42.78
38.45	-42.78
38.45	-42.26
38.50	-42.26
38.50	-42.15
38.55	-42.15
38.55	-42.76
38.60	-42.76
38.60	-42.81
38.65	-42.81
38.65	-42.71
38.70	-42.71
38.70	-42.77
38.75	-42.77
38.75	-43.71
38.80	-43.71
38.80	-43.21
38.85	-43.21
38.85	-43.19
38.90	-43.19
38.90	-43.09
38.95	-43.09
38.95	-42.63
39.00	-42.63
39.00	-42.50
39.05	-42.50
39.05	-42.11
39.10	-42.11
39.10	-43.91
39.15	-43.91
39.15	-43.54
39.20	-43.54
39.20	-44.16
39.25	-44.16
39.25	-43.05
39.30	-43.05
39.30	-43.27
39.35	-43.27
39.35	-43.62
39.40	-43.62
39.40	-43.35
39.45	-43.35
39.45	-43.03
39.50	-43.03
39.50	-43.57
39.55	-43.57
39.55	-42.66
39.60	-42.66
39.60	-43.49
39.65	-43.49
39.65	-43.67
39.70	-43.67
39.70	-42.01
39.75	-42.01
39.75	-43.88
39.80	-43.88
39.80	-42.68
39.85	-42.68
39.85	-42.96
39.90	-42.96
39.90	-43.24
39.95	-43.24
39.95	-43.23
40.00	-43.23
40.00	-43.33
40.05	-43.33
40.05	-42.23
40.10	-42.23
40.10	-41.09
40.15	-41.09
40.15	-40.75
40.20	-40.75
40.20	-40.34
40.25	-40.34
40.25	-40.18
40.30	-40.18
40.30	-42.77
40.35	-42.77
40.35	-42.20
40.40	-42.20
40.40	-42.44
40.45	-42.44
40.45	-42.21
40.50	-42.21
40.50	-42.42
40.55	-42.42
40.55	-42.20
40.60	-42.20
40.60	-42.29
40.65	-42.29
40.65	-42.08
40.70	-42.08
40.70	-42.90
40.75	-42.90
40.75	-43.34
40.80	-43.34
40.80	-43.32
40.85	-43.32
40.85	-43.01
40.90	-43.01
40.90	-43.67
40.95	-43.67
40.95	-43.77
41.00	-43.77
41.00	-42.30
41.05	-42.30
41.05	-42.00
41.10	-42.00
41.10	-41.95
41.15	-41.95
41.15	-41.67
41.20	-41.67
41.20	-40.80
41.25	-40.80
41.25	-40.01
41.30	-40.01
41.30	-39.76
41.35	-39.76
41.35	-40.43
41.40	-40.43
41.40	-39.43
41.45	-39.43
41.45	-40.07
41.50	-40.07
41.50	-39.33
41.55	-39.33
41.55	-39.57
41.60	-39.57
41.60	-38.92
41.65	-38.92
41.65	-39.05
41.70	-39.05
41.70	-42.07
41.75	-42.07
41.75	-42.37
41.80	-42.37
41.80	-43.01
41.85	-43.01
41.85	-42.19
41.90	-42.19
41.90	-42.60
41.95	-42.60
41.95	-42.44
42.00	-42.44
42.00	-43.29
42.05	-43.29
42.05	-42.82
42.10	-42.82
42.10	-42.48
42.15	-42.48
42.15	-43.48
42.20	-43.48
42.20	-42.49
42.25	-42.49
42.25	-43.17
42.30	-43.17
42.30	-42.77
42.35	-42.77
42.35	-42.67
42.40	-42.67
42.40	-41.73
42.45	-41.73
42.45	-42.46
42.50	-42.46
42.50	-42.20
42.55	-42.20
42.55	-40.87
42.60	-40.87
42.60	-40.97
42.65	-40.97
42.65	-40.92
42.70	-40.92
42.70	-41.11
42.75	-41.11
42.75	-41.62
42.80	-41.62
42.80	-41.17
42.85	-41.17
42.85	-41.12
42.90	-41.12
42.90	-40.63
42.95	-40.63
42.95	-40.05
43.00	-40.05
43.00	-39.93
43.05	-39.93
43.05	-39.70
43.10	-39.70
43.10	-39.68
43.15	-39.68
43.15	-39.40
43.20	-39.40
43.20	-39.46
43.25	-39.46
43.25	-38.98
43.30	-38.98
43.30	-38.48
43.35	-38.48
43.35	-38.76
43.40	-38.76
43.40	-39.46
43.45	-39.46
43.45	-40.01
43.50	-40.01
43.50	-39.57
43.55	-39.57
43.55	-39.30
43.60	-39.30
43.60	-39.97
43.65	-39.97
43.65	-41.86
43.70	-41.86
43.70	-42.60
43.75	-42.60
43.75	-43.09
43.80	-43.09
43.80	-43.14
43.85	-43.14
43.85	-43.90
43.90	-43.90
43.90	-43.88
43.95	-43.88
43.95	-43.15
44.00	-43.15
44.00	-42.11
44.05	-42.11
44.05	-42.31
44.10	-42.31
44.10	-42.48
44.15	-42.48
44.15	-42.03
44.20	-42.03
44.20	-42.59
44.25	-42.59
44.25	-43.57
44.30	-43.57
44.30	-42.29
44.35	-42.29
44.35	-42.21
44.40	-42.21
44.40	-42.97
44.45	-42.97
44.45	-43.42
44.50	-43.42
44.50	-43.18
44.55	-43.18
44.55	-42.10
44.60	-42.10
44.60	-43.34
44.65	-43.34
44.65	-42.45
44.70	-42.45
44.70	-41.73
44.75	-41.73
44.75	-40.57
44.80	-40.57
44.80	-39.89
44.85	-39.89
44.85	-40.24
44.90	-40.24
44.90	-40.89
44.95	-40.89
44.95	-41.86
45.00	-41.86
45.00	-41.82
45.05	-41.82
45.05	-40.91
45.10	-40.91
45.10	-40.72
45.15	-40.72
45.15	-41.27
45.20	-41.27
45.20	-41.07
45.25	-41.07
45.25	-42.03
45.30	-42.03
45.30	-41.18
45.35	-41.18
45.35	-40.70
45.40	-40.70
45.40	-40.73
45.45	-40.73
45.45	-40.98
45.50	-40.98
45.50	-40.60
45.55	-40.60
45.55	-40.75
45.60	-40.75
45.60	-40.23
45.65	-40.23
45.65	-40.94
45.70	-40.94
45.70	-41.08
45.75	-41.08
45.75	-40.82
45.80	-40.82
45.80	-40.26
45.85	-40.26
45.85	-39.46
45.90	-39.46
45.90	-40.16
45.95	-40.16
45.95	-40.20
46.00	-40.20
46.00	-39.47
46.05	-39.47
46.05	-39.51
46.10	-39.51
46.10	-39.57
46.15	-39.57
46.15	-39.45
46.20	-39.45
46.20	-39.37
46.25	-39.37
46.25	-39.59
46.30	-39.59
46.30	-39.24
46.35	-39.24
46.35	-39.80
46.40	-39.80
46.40	-39.37
46.45	-39.37
46.45	-38.41
46.50	-38.41
46.50	-39.01
46.55	-39.01
46.55	-39.05
46.60	-39.05
46.60	-38.98
46.65	-38.98
46.65	-38.66
46.70	-38.66
46.70	-38.93
46.75	-38.93
46.75	-39.11
46.80	-39.11
46.80	-39.13
46.85	-39.13
46.85	-38.98
46.90	-38.98
46.90	-38.02
46.95	-38.02
46.95	-38.49
47.00	-38.49
47.00	-39.17
47.05	-39.17
47.05	-38.03
47.10	-38.03
47.10	-38.09
47.15	-38.09
47.15	-37.71
47.20	-37.71
47.20	-38.19
47.25	-38.19
47.25	-37.35
47.30	-37.35
47.30	-40.26
47.35	-40.26
47.35	-42.32
47.40	-42.32
47.40	-42.78
47.45	-42.78
47.45	-42.87
47.50	-42.87
47.50	-42.58
47.55	-42.58
47.55	-42.15
47.60	-42.15
47.60	-43.07
47.65	-43.07
47.65	-42.70
47.70	-42.70
47.70	-43.16
47.75	-43.16
47.75	-42.48
47.80	-42.48
47.80	-42.00
47.85	-42.00
47.85	-42.87
47.90	-42.87
47.90	-43.63
47.95	-43.63
47.95	-43.61
48.00	-43.61
48.00	-42.80
48.05	-42.80
48.05	-41.98
48.10	-41.98
48.10	-42.02
48.15	-42.02
48.15	-43.16
48.20	-43.16
48.20	-43.83
48.25	-43.83
48.25	-43.48
48.30	-43.48
48.30	-42.91
48.35	-42.91
48.35	-42.31
48.40	-42.31
48.40	-43.18
48.45	-43.18
48.45	-42.92
48.50	-42.92
48.50	-42.98
48.55	-42.98
48.55	-43.13
48.60	-43.13
48.60	-44.06
48.65	-44.06
48.65	-43.90
48.70	-43.90
48.70	-43.48
48.75	-43.48
48.75	-43.49
48.80	-43.49
48.80	-42.80
48.85	-42.80
48.85	-42.44
48.90	-42.44
48.90	-42.13
48.95	-42.13
48.95	-41.59
49.00	-41.59
49.00	-40.95
49.05	-40.95
49.05	-41.17
49.10	-41.17
49.10	-41.30
49.15	-41.30
49.15	-41.22
49.20	-41.22
49.20	-40.92
49.25	-40.92
49.25	-41.16
49.30	-41.16
49.30	-40.23
49.35	-40.23
49.35	-39.84
49.40	-39.84
49.40	-39.73
49.45	-39.73
49.45	-39.62
49.50	-39.62
49.50	-40.90
49.55	-40.90
49.55	-42.11
49.60	-42.11
49.60	-39.81
49.65	-39.81
49.65	-39.48
49.70	-39.48
49.70	-39.51
49.75	-39.51
49.75	-41.41
49.80	-41.41
49.80	-41.85
49.85	-41.85
49.85	-42.38
49.90	-42.38
49.90	-42.11
49.95	-42.11
49.95	-41.51
50.00	-41.51
50.00	-41.19
50.05	-41.19
50.05	-41.47
50.10	-41.47
50.10	-40.30
50.15	-40.30
50.15	-40.52
50.20	-40.52
50.20	-40.53
50.25	-40.53
50.25	-40.49
50.30	-40.49
50.30	-40.42
50.35	-40.42
50.35	-40.74
50.40	-40.74
50.40	-41.10
50.45	-41.10
50.45	-40.72
50.50	-40.72
50.50	-40.19
50.55	-40.19
50.55	-40.29
50.60	-40.29
50.60	-40.86
50.65	-40.86
50.65	-40.59
50.70	-40.59
50.70	-40.51
50.75	-40.51
50.75	-40.86
50.80	-40.86
50.80	-40.90
50.85	-40.90
50.85	-40.71
50.90	-40.71
50.90	-40.43
50.95	-40.43
50.95	-40.78
51.00	-40.78
51.00	-39.81
51.05	-39.81
51.05	-40.57
51.10	-40.57
51.10	-40.63
51.15	-40.63
51.15	-40.22
51.20	-40.22
51.20	-40.34
51.25	-40.34
51.25	-40.11
51.30	-40.11
51.30	-40.72
51.35	-40.72
51.35	-40.72
51.40	-40.72
51.40	-40.15
51.45	-40.15
51.45	-40.53
51.50	-40.53
51.50	-40.60
51.55	-40.60
51.55	-40.45
51.60	-40.45
51.60	-40.08
51.65	-40.08
51.65	-40.71
51.70	-40.71
51.70	-40.69
51.75	-40.69
51.75	-40.43
51.80	-40.43
51.80	-40.85
51.85	-40.85
51.85	-41.07
51.90	-41.07
51.90	-39.81
51.95	-39.81
51.95	-40.44
52.00	-40.44
52.00	-39.80
52.05	-39.80
52.05	-40.67
52.10	-40.67
52.10	-41.01
52.15	-41.01
52.15	-41.04
52.20	-41.04
52.20	-41.39
52.25	-41.39
52.25	-40.26
52.30	-40.26
52.30	-39.11
52.35	-39.11
52.35	-39.27
52.40	-39.27
52.40	-39.79
52.45	-39.79
52.45	-39.96
52.50	-39.96
52.50	-39.87
52.55	-39.87
52.55	-39.04
52.60	-39.04
52.60	-39.42
52.65	-39.42
52.65	-39.91
52.70	-39.91
52.70	-39.44
52.75	-39.44
52.75	-39.31
52.80	-39.31
52.80	-38.84
52.85	-38.84
52.85	-38.83
52.90	-38.83
52.90	-39.74
52.95	-39.74
52.95	-39.24
53.00	-39.24
53.00	-39.99
53.05	-39.99
53.05	-39.42
53.10	-39.42
53.10	-38.77
53.15	-38.77
53.15	-39.48
53.20	-39.48
53.20	-38.96
53.25	-38.96
53.25	-39.87
53.30	-39.87
53.30	-39.66
53.35	-39.66
53.35	-39.55
53.40	-39.55
53.40	-39.59
53.45	-39.59
53.45	-39.24
53.50	-39.24
53.50	-39.27
53.55	-39.27
53.55	-39.56
53.60	-39.56
53.60	-39.21
53.65	-39.21
53.65	-39.31
53.70	-39.31
53.70	-38.90
53.75	-38.90
53.75	-39.49
53.80	-39.49
53.80	-39.47
53.85	-39.47
53.85	-39.38
53.90	-39.38
53.90	-38.73
53.95	-38.73
53.95	-38.83
54.00	-38.83
54.00	-39.50
54.05	-39.50
54.05	-38.51
54.10	-38.51
54.10	-39.35
54.15	-39.35
54.15	-38.88
54.20	-38.88
54.20	-38.86
54.25	-38.86
54.25	-39.03
54.30	-39.03
54.30	-38.74
54.35	-38.74
54.35	-38.44
54.40	-38.44
54.40	-39.24
54.45	-39.24
54.45	-39.37
54.50	-39.37
54.50	-39.10
54.55	-39.10
54.55	-38.55
54.60	-38.55
54.60	-38.03
54.65	-38.03
54.65	-37.92
54.70	-37.92
54.70	-39.91
54.75	-39.91
54.75	-40.86
54.80	-40.86
54.80	-38.87
54.85	-38.87
54.85	-38.79
54.90	-38.79
54.90	-38.81
54.95	-38.81
54.95	-39.14
55.00	-39.14
55.00	-40.65
55.05	-40.65
55.05	-42.52
55.10	-42.52
55.10	-42.87
55.15	-42.87
55.15	-42.52
55.20	-42.52
55.20	-42.80
55.25	-42.80
55.25	-42.88
55.30	-42.88
55.30	-43.53
55.35	-43.53
55.35	-42.70
55.40	-42.70
55.40	-42.46
55.45	-42.46
55.45	-42.74
55.50	-42.74
55.50	-42.29
55.55	-42.29
55.55	-42.20
55.60	-42.20
55.60	-41.63
55.65	-41.63
55.65	-42.20
55.70	-42.20
55.70	-38.93
55.75	-38.93
55.75	-38.84
55.80	-38.84
55.80	-42.14
55.85	-42.14
55.85	-42.87
55.90	-42.87
55.90	-42.76
55.95	-42.76
55.95	-42.49
56.00	-42.49
56.00	-42.90
56.05	-42.90
56.05	-42.99
56.10	-42.99
56.10	-42.00
56.15	-42.00
56.15	-41.42
56.20	-41.42
56.20	-39.24
56.25	-39.24
56.25	-39.61
56.30	-39.61
56.30	-39.32
56.35	-39.32
56.35	-39.61
56.40	-39.61
56.40	-39.35
56.45	-39.35
56.45	-38.90
56.50	-38.90
56.50	-39.83
56.55	-39.83
56.55	-42.08
56.60	-42.08
56.60	-43.22
56.65	-43.22
56.65	-42.96
56.70	-42.96
56.70	-42.84
56.75	-42.84
56.75	-43.09
56.80	-43.09
56.80	-42.63
56.85	-42.63
56.85	-42.16
56.90	-42.16
56.90	-42.47
56.95	-42.47
56.95	-42.24
57.00	-42.24
57.00	-42.42
57.05	-42.42
57.05	-42.46
57.10	-42.46
57.10	-42.01
57.15	-42.01
57.15	-42.36
57.20	-42.36
57.20	-41.25
57.25	-41.25
57.25	-41.23
57.30	-41.23
57.30	-41.17
57.35	-41.17
57.35	-40.63
57.40	-40.63
57.40	-40.11
57.45	-40.11
57.45	-40.07
57.50	-40.07
57.50	-40.27
57.55	-40.27
57.55	-40.68
57.60	-40.68
57.60	-40.92
57.65	-40.92
57.65	-40.61
57.70	-40.61
57.70	-40.51
57.75	-40.51
57.75	-41.02
57.80	-41.02
57.80	-41.42
57.85	-41.42
57.85	-40.50
57.90	-40.50
57.90	-40.37
57.95	-40.37
57.95	-40.35
58.00	-40.35
58.00	-40.68
58.05	-40.68
58.05	-40.02
58.10	-40.02
58.10	-39.67
58.15	-39.67
58.15	-39.74
58.20	-39.74
58.20	-39.83
58.25	-39.83
58.25	-39.44
58.30	-39.44
58.30	-38.99
58.35	-38.99
58.35	-39.60
58.40	-39.60
58.40	-39.68
58.45	-39.68
58.45	-39.17
58.50	-39.17
58.50	-38.64
58.55	-38.64
58.55	-38.83
58.60	-38.83
58.60	-39.42
58.65	-39.42
58.65	-39.87
58.70	-39.87
58.70	-38.41
58.75	-38.41
58.75	-41.20
58.80	-41.20
58.80	-41.97
58.85	-41.97
58.85	-41.09
58.90	-41.09
58.90	-38.19
58.95	-38.19
58.95	-39.60
59.00	-39.60
59.00	-42.05
59.05	-42.05
59.05	-42.52
59.10	-42.52
59.10	-42.66
59.15	-42.66
59.15	-42.19
59.20	-42.19
59.20	-42.46
59.25	-42.46
59.25	-41.99
59.30	-41.99
59.30	-40.97
59.35	-40.97
59.35	-39.35
59.40	-39.35
59.40	-39.19
59.45	-39.19
59.45	-39.52
59.50	-39.52
59.50	-40.99
59.55	-40.99
59.55	-40.30
59.60	-40.30
59.60	-38.95
59.65	-38.95
59.65	-38.36
59.70	-38.36
59.70	-38.25
59.75	-38.25
59.75	-39.12
59.80	-39.12
59.80	-42.30
59.85	-42.30
59.85	-42.88
59.90	-42.88
59.90	-42.94
59.95	-42.94
59.95	-42.25
60.00	-42.25
60.00	-38.53
60.05	-38.53
60.05	-37.93
60.10	-37.93
60.10	-40.31
60.15	-40.31
60.15	-42.72
60.20	-42.72
60.20	-43.39
60.25	-43.39
60.25	-43.45
60.30	-43.45
60.30	-43.27
60.35	-43.27
60.35	-42.43
60.40	-42.43
60.40	-42.57
60.45	-42.57
60.45	-43.58
60.50	-43.58
60.50	-43.37
60.55	-43.37
60.55	-42.69
60.60	-42.69
60.60	-43.07
60.65	-43.07
60.65	-43.16
60.70	-43.16
60.70	-43.33
60.75	-43.33
60.75	-43.45
60.80	-43.45
60.80	-43.30
60.85	-43.30
60.85	-43.24
60.90	-43.24
60.90	-42.84
60.95	-42.84
60.95	-42.89
61.00	-42.89
61.00	-43.25
61.05	-43.25
61.05	-43.19
61.10	-43.19
61.10	-43.24
61.15	-43.24
61.15	-43.12
61.20	-43.12
61.20	-43.05
61.25	-43.05
61.25	-42.99
61.30	-42.99
61.30	-43.13
61.35	-43.13
61.35	-43.10
61.40	-43.10
61.40	-43.53
61.45	-43.53
61.45	-43.74
61.50	-43.74
61.50	-43.69
61.55	-43.69
61.55	-43.65
61.60	-43.65
61.60	-43.39
61.65	-43.39
61.65	-43.97
61.70	-43.97
61.70	-44.15
61.75	-44.15
61.75	-43.21
61.80	-43.21
61.80	-44.19
61.85	-44.19
61.85	-43.28
61.90	-43.28
61.90	-43.81
61.95	-43.81
61.95	-43.70
62.00	-43.70
62.00	-43.18
62.05	-43.18
62.05	-43.10
62.10	-43.10
62.10	-43.23
62.15	-43.23
62.15	-43.67
62.20	-43.67
62.20	-45.10
62.25	-45.10
62.25	-44.57
62.30	-44.57
62.30	-43.63
62.35	-43.63
62.35	-43.09
62.40	-43.09
62.40	-43.34
62.45	-43.34
62.45	-44.38
62.50	-44.38
62.50	-44.75
62.55	-44.75
62.55	-43.15
62.60	-43.15
62.60	-43.63
62.65	-43.63
62.65	-44.21
62.70	-44.21
62.70	-44.70
62.75	-44.70
62.75	-44.49
62.80	-44.49
62.80	-43.54
62.85	-43.54
62.85	-44.18
62.90	-44.18
62.90	-44.60
62.95	-44.60
62.95	-44.01
63.00	-44.01
63.00	-43.86
63.05	-43.86
63.05	-44.52
63.10	-44.52
63.10	-45.02
63.15	-45.02
63.15	-44.74
63.20	-44.74
63.20	-44.58
63.25	-44.58
63.25	-44.43
63.30	-44.43
63.30	-44.15
63.35	-44.15
63.35	-45.16
63.40	-45.16
63.40	-44.63
63.45	-44.63
63.45	-43.77
63.50	-43.77
63.50	-45.04
63.55	-45.04
63.55	-44.40
63.60	-44.40
63.60	-44.00
63.65	-44.00
63.65	-43.90
63.70	-43.90
63.70	-44.81
63.75	-44.81
63.75	-44.70
63.80	-44.70
63.80	-44.37
63.85	-44.37
63.85	-44.49
63.90	-44.49
63.90	-43.79
63.95	-43.79
63.95	-43.41
64.00	-43.41
64.00	-43.20
64.05	-43.20
64.05	-43.10
64.10	-43.10
64.10	-43.35
64.15	-43.35
64.15	-43.99
64.20	-43.99
64.20	-43.26
64.25	-43.26
64.25	-43.05
64.30	-43.05
64.30	-43.39
64.35	-43.39
64.35	-43.95
64.40	-43.95
64.40	-44.26
64.45	-44.26
64.45	-43.34
64.50	-43.34
64.50	-41.33
64.55	-41.33
64.55	-39.97
64.60	-39.97
64.60	-40.07
64.65	-40.07
64.65	-39.74
64.70	-39.74
64.70	-40.21
64.75	-40.21
64.75	-42.24
64.80	-42.24
64.80	-42.97
64.85	-42.97
64.85	-44.26
64.90	-44.26
64.90	-42.71
64.95	-42.71
64.95	-43.79
65.00	-43.79
65.00	-44.25
65.05	-44.25
65.05	-44.17
65.10	-44.17
65.10	-44.85
65.15	-44.85
65.15	-45.29
65.20	-45.29
65.20	-44.49
65.25	-44.49
65.25	-44.44
65.30	-44.44
65.30	-44.52
65.35	-44.52
65.35	-43.84
65.40	-43.84
65.40	-43.55
65.45	-43.55
65.45	-44.22
65.50	-44.22
65.50	-43.94
65.55	-43.94
65.55	-43.61
65.60	-43.61
65.60	-43.04
65.65	-43.04
65.65	-43.84
65.70	-43.84
65.70	-43.85
65.75	-43.85
65.75	-43.54
65.80	-43.54
65.80	-42.91
65.85	-42.91
65.85	-43.12
65.90	-43.12
65.90	-43.61
65.95	-43.61
65.95	-44.81
66.00	-44.81
66.00	-44.26
66.05	-44.26
66.05	-44.16
66.10	-44.16
66.10	-44.64
66.15	-44.64
66.15	-44.44
66.20	-44.44
66.20	-44.24
66.25	-44.24
66.25	-43.95
66.30	-43.95
66.30	-44.01
66.35	-44.01
66.35	-44.48
66.40	-44.48
66.40	-44.76
66.45	-44.76
66.45	-45.04
66.50	-45.04
66.50	-44.48
66.55	-44.48
66.55	-44.33
66.60	-44.33
66.60	-44.17
66.65	-44.17
66.65	-44.19
66.70	-44.19
66.70	-44.22
66.75	-44.22
66.75	-43.67
66.80	-43.67
66.80	-43.35
66.85	-43.35
66.85	-43.04
66.90	-43.04
66.90	-44.23
66.95	-44.23
66.95	-43.99
67.00	-43.99
67.00	-43.76
67.05	-43.76
67.05	-44.65
67.10	-44.65
67.10	-44.30
67.15	-44.30
67.15	-43.71
67.20	-43.71
67.20	-44.64
67.25	-44.64
67.25	-44.21
67.30	-44.21
67.30	-42.91
67.35	-42.91
67.35	-43.39
67.40	-43.39
67.40	-43.73
67.45	-43.73
67.45	-44.12
67.50	-44.12
67.50	-43.20
67.55	-43.20
67.55	-43.62
67.60	-43.62
67.60	-44.08
67.65	-44.08
67.65	-44.18
67.70	-44.18
67.70	-43.76
67.75	-43.76
67.75	-43.33
67.80	-43.33
67.80	-44.73
67.85	-44.73
67.85	-44.22
67.90	-44.22
67.90	-43.41
67.95	-43.41
67.95	-42.37
68.00	-42.37
68.00	-42.32
68.05	-42.32
68.05	-42.79
68.10	-42.79
68.10	-43.22
68.15	-43.22
68.15	-43.45
68.20	-43.45
68.20	-43.99
68.25	-43.99
68.25	-44.37
68.30	-44.37
68.30	-44.81
68.35	-44.81
68.35	-43.87
68.40	-43.87
68.40	-43.87
68.45	-43.87
68.45	-44.62
68.50	-44.62
68.50	-44.16
68.55	-44.16
68.55	-43.83
68.60	-43.83
68.60	-44.10
68.65	-44.10
68.65	-44.05
68.70	-44.05
68.70	-43.96
68.75	-43.96
68.75	-44.47
68.80	-44.47
68.80	-44.25
68.85	-44.25
68.85	-43.42
68.90	-43.42
68.90	-43.66
68.95	-43.66
68.95	-43.76
69.00	-43.76
69.00	-43.84
69.05	-43.84
69.05	-44.40
69.10	-44.40
69.10	-44.69
69.15	-44.69
69.15	-44.03
69.20	-44.03
69.20	-43.92
69.25	-43.92
69.25	-43.80
69.30	-43.80
69.30	-43.76
69.35	-43.76
69.35	-43.93
69.40	-43.93
69.40	-44.19
69.45	-44.19
69.45	-43.30
69.50	-43.30
69.50	-43.60
69.55	-43.60
69.55	-44.03
69.60	-44.03
69.60	-42.78
69.65	-42.78
69.65	-43.35
69.70	-43.35
69.70	-43.73
69.75	-43.73
69.75	-43.88
69.80	-43.88
69.80	-44.39
69.85	-44.39
69.85	-44.68
69.90	-44.68
69.90	-43.80
69.95	-43.80
69.95	-43.54
70.00	-43.54
70.00	-43.09
70.05	-43.09
70.05	-42.07
70.10	-42.07
70.10	-40.56
70.15	-40.56
70.15	-39.73
70.20	-39.73
70.20	-39.55
70.25	-39.55
70.25	-42.18
70.30	-42.18
70.30	-44.18
70.35	-44.18
70.35	-44.70
70.40	-44.70
70.40	-44.34
70.45	-44.34
70.45	-44.32
70.50	-44.32
70.50	-44.23
70.55	-44.23
70.55	-44.13
70.60	-44.13
70.60	-43.82
70.65	-43.82
70.65	-43.76
70.70	-43.76
70.70	-43.67
70.75	-43.67
70.75	-43.28
70.80	-43.28
70.80	-43.05
70.85	-43.05
70.85	-43.50
70.90	-43.50
70.90	-43.52
70.95	-43.52
70.95	-43.48
71.00	-43.48
71.00	-42.86
71.05	-42.86
71.05	-42.45
71.10	-42.45
71.10	-41.93
71.15	-41.93
71.15	-42.22
71.20	-42.22
71.20	-42.16
71.25	-42.16
71.25	-42.07
71.30	-42.07
71.30	-42.06
71.35	-42.06
71.35	-42.17
71.40	-42.17
71.40	-42.27
71.45	-42.27
71.45	-41.60
71.50	-41.60
71.50	-40.74
71.55	-40.74
71.55	-40.51
71.60	-40.51
71.60	-40.51
71.65	-40.51
71.65	-40.13
71.70	-40.13
71.70	-40.34
71.75	-40.34
71.75	-40.87
71.80	-40.87
71.80	-40.37
71.85	-40.37
71.85	-39.81
71.90	-39.81
71.90	-39.58
71.95	-39.58
71.95	-39.69
72.00	-39.69
72.00	-40.10
72.05	-40.10
72.05	-39.91
72.10	-39.91
72.10	-39.50
72.15	-39.50
72.15	-39.53
72.20	-39.53
72.20	-39.61
72.25	-39.61
72.25	-39.66
72.30	-39.66
72.30	-39.23
72.35	-39.23
72.35	-39.08
72.40	-39.08
72.40	-39.00
72.45	-39.00
72.45	-38.73
72.50	-38.73
72.50	-38.61
72.55	-38.61
72.55	-38.47
72.60	-38.47
72.60	-38.31
72.65	-38.31
72.65	-38.39
72.70	-38.39
72.70	-37.92
72.75	-37.92
72.75	-37.67
72.80	-37.67
72.80	-38.15
72.85	-38.15
72.85	-37.71
72.90	-37.71
72.90	-37.96
72.95	-37.96
72.95	-40.85
73.00	-40.85
73.00	-43.63
73.05	-43.63
73.05	-44.39
73.10	-44.39
73.10	-44.22
73.15	-44.22
73.15	-43.95
73.20	-43.95
73.20	-44.66
73.25	-44.66
73.25	-44.84
73.30	-44.84
73.30	-45.07
73.35	-45.07
73.35	-44.96
73.40	-44.96
73.40	-44.69
73.45	-44.69
73.45	-44.92
73.50	-44.92
73.50	-45.18
73.55	-45.18
73.55	-44.66
73.60	-44.66
73.60	-44.36
73.65	-44.36
73.65	-45.05
73.70	-45.05
73.70	-45.15
73.75	-45.15
73.75	-44.43
73.80	-44.43
73.80	-44.57
73.85	-44.57
73.85	-44.90
73.90	-44.90
73.90	-44.79
73.95	-44.79
73.95	-44.65
74.00	-44.65
74.00	-45.13
74.05	-45.13
74.05	-45.39
74.10	-45.39
74.10	-44.99
74.15	-44.99
74.15	-44.88
74.20	-44.88
74.20	-44.41
74.25	-44.41
74.25	-44.44
74.30	-44.44
74.30	-44.54
74.35	-44.54
74.35	-44.88
74.40	-44.88
74.40	-45.15
74.45	-45.15
74.45	-44.34
74.50	-44.34
74.50	-44.21
74.55	-44.21
74.55	-44.06
74.60	-44.06
74.60	-44.69
74.65	-44.69
74.65	-44.51
74.70	-44.51
74.70	-42.98
74.75	-42.98
74.75	-42.78
74.80	-42.78
74.80	-42.22
74.85	-42.22
74.85	-40.97
74.90	-40.97
74.90	-39.88
74.95	-39.88
74.95	-40.06
75.00	-40.06
75.00	-40.97
75.05	-40.97
75.05	-41.35
75.10	-41.35
75.10	-40.44
75.15	-40.44
75.15	-40.86
75.20	-40.86
75.20	-40.34
75.25	-40.34
75.25	-39.97
75.30	-39.97
75.30	-40.00
75.35	-40.00
75.35	-39.86
75.40	-39.86
75.40	-39.50
75.45	-39.50
75.45	-39.19
75.50	-39.19
75.50	-39.54
75.55	-39.54
75.55	-39.60
75.60	-39.60
75.60	-39.44
75.65	-39.44
75.65	-39.24
75.70	-39.24
75.70	-39.64
75.75	-39.64
75.75	-39.27
75.80	-39.27
75.80	-39.45
75.85	-39.45
75.85	-39.05
75.90	-39.05
75.90	-39.23
75.95	-39.23
75.95	-39.51
76.00	-39.51
76.00	-39.24
76.05	-39.24
76.05	-39.32
76.10	-39.32
76.10	-39.14
76.15	-39.14
76.15	-38.80
76.20	-38.80
76.20	-38.81
76.25	-38.81
76.25	-38.37
76.30	-38.37
76.30	-38.65
76.35	-38.65
76.35	-38.79
76.40	-38.79
76.40	-38.90
76.45	-38.90
76.45	-38.58
76.50	-38.58
76.50	-38.12
76.55	-38.12
76.55	-38.18
76.60	-38.18
76.60	-38.38
76.65	-38.38
76.65	-38.25
76.70	-38.25
76.70	-37.93
76.75	-37.93
76.75	-37.84
76.80	-37.84
76.80	-37.81
76.85	-37.81
76.85	-37.28
76.90	-37.28
76.90	-37.59
76.95	-37.59
76.95	-37.28
77.00	-37.28
77.00	-36.81
77.05	-36.81
77.05	-38.69
77.10	-38.69
77.10	-41.42
77.15	-41.42
77.15	-42.68
77.20	-42.68
77.20	-42.95
77.25	-42.95
77.25	-42.40
77.30	-42.40
77.30	-42.43
77.35	-42.43
77.35	-42.46
77.40	-42.46
77.40	-42.80
77.45	-42.80
77.45	-43.41
77.50	-43.41
77.50	-42.45
77.55	-42.45
77.55	-42.95
77.60	-42.95
77.60	-43.10
77.65	-43.10
77.65	-42.55
77.70	-42.55
77.70	-42.42
77.75	-42.42
77.75	-42.68
77.80	-42.68
77.80	-42.92
77.85	-42.92
77.85	-42.87
77.90	-42.87
77.90	-42.37
77.95	-42.37
77.95	-42.80
78.00	-42.80
78.00	-43.63
78.05	-43.63
78.05	-43.59
78.10	-43.59
78.10	-43.15
78.15	-43.15
78.15	-42.74
78.20	-42.74
78.20	-42.39
78.25	-42.39
78.25	-42.64
78.30	-42.64
78.30	-42.48
78.35	-42.48
78.35	-42.07
78.40	-42.07
78.40	-41.62
78.45	-41.62
78.45	-41.06
78.50	-41.06
78.50	-39.62
78.55	-39.62
78.55	-39.29
78.60	-39.29
78.60	-39.05
78.65	-39.05
78.65	-39.28
78.70	-39.28
78.70	-39.86
78.75	-39.86
78.75	-40.49
78.80	-40.49
78.80	-41.03
78.85	-41.03
78.85	-41.23
78.90	-41.23
78.90	-40.92
78.95	-40.92
78.95	-41.01
79.00	-41.01
79.00	-40.85
79.05	-40.85
79.05	-40.30
79.10	-40.30
79.10	-39.91
79.15	-39.91
79.15	-40.49
79.20	-40.49
79.20	-40.40
79.25	-40.40
79.25	-39.96
79.30	-39.96
79.30	-40.64
79.35	-40.64
79.35	-40.20
79.40	-40.20
79.40	-39.28
79.45	-39.28
79.45	-39.37
79.50	-39.37
79.50	-38.90
79.55	-38.90
79.55	-39.32
79.60	-39.32
79.60	-39.03
79.65	-39.03
79.65	-38.91
79.70	-38.91
79.70	-39.45
79.75	-39.45
79.75	-39.17
79.80	-39.17
79.80	-38.72
79.85	-38.72
79.85	-38.69
79.90	-38.69
79.90	-40.76
79.95	-40.76
79.95	-40.70
80.00	-40.70
80.00	-40.56
80.05	-40.56
80.05	-40.34
80.10	-40.34
80.10	-40.08
80.15	-40.08
80.15	-40.31
80.20	-40.31
80.20	-40.28
80.25	-40.28
80.25	-39.90
80.30	-39.90
80.30	-39.98
80.35	-39.98
80.35	-40.33
80.40	-40.33
80.40	-40.02
80.45	-40.02
80.45	-39.91
80.50	-39.91
80.50	-39.30
80.55	-39.30
80.55	-39.45
80.60	-39.45
80.60	-39.80
80.65	-39.80
80.65	-39.58
80.70	-39.58
80.70	-39.54
80.75	-39.54
80.75	-39.37
80.80	-39.37
80.80	-39.25
80.85	-39.25
80.85	-39.00
80.90	-39.00
80.90	-39.61
80.95	-39.61
80.95	-39.51
81.00	-39.51
81.00	-39.33
81.05	-39.33
81.05	-39.52
81.10	-39.52
81.10	-39.16
81.15	-39.16
81.15	-38.65
81.20	-38.65
81.20	-38.98
81.25	-38.98
81.25	-39.22
81.30	-39.22
81.30	-39.44
81.35	-39.44
81.35	-39.18
81.40	-39.18
81.40	-38.74
81.45	-38.74
81.45	-38.61
81.50	-38.61
81.50	-38.36
81.55	-38.36
81.55	-38.79
81.60	-38.79
81.60	-38.85
81.65	-38.85
81.65	-38.48
81.70	-38.48
81.70	-38.65
81.75	-38.65
81.75	-38.35
81.80	-38.35
81.80	-38.44
81.85	-38.44
81.85	-38.37
81.90	-38.37
81.90	-38.07
81.95	-38.07
81.95	-38.38
82.00	-38.38
82.00	-38.31
82.05	-38.31
82.05	-38.26
82.10	-38.26
82.10	-38.14
82.15	-38.14
82.15	-38.43
82.20	-38.43
82.20	-37.99
82.25	-37.99
82.25	-37.79
82.30	-37.79
82.30	-37.78
82.35	-37.78
82.35	-37.84
82.40	-37.84
82.40	-37.68
82.45	-37.68
82.45	-37.26
82.50	-37.26
82.50	-37.88
82.55	-37.88
82.55	-38.05
82.60	-38.05
82.60	-38.23
82.65	-38.23
82.65	-38.06
82.70	-38.06
82.70	-38.24
82.75	-38.24
82.75	-37.72
82.80	-37.72
82.80	-37.82
82.85	-37.82
82.85	-37.96
82.90	-37.96
82.90	-38.62
82.95	-38.62
82.95	-38.45
83.00	-38.45
83.00	-37.85
83.05	-37.85
83.05	-38.22
83.10	-38.22
83.10	-37.96
83.15	-37.96
83.15	-37.92
83.20	-37.92
83.20	-37.92
83.25	-37.92
83.25	-37.99
83.30	-37.99
83.30	-37.84
83.35	-37.84
83.35	-37.57
83.40	-37.57
83.40	-37.98
83.45	-37.98
83.45	-38.47
83.50	-38.47
83.50	-38.19
83.55	-38.19
83.55	-38.02
83.60	-38.02
83.60	-38.19
83.65	-38.19
83.65	-37.28
83.70	-37.28
83.70	-37.02
83.75	-37.02
83.75	-37.06
83.80	-37.06
83.80	-37.57
83.85	-37.57
83.85	-37.78
83.90	-37.78
83.90	-37.76
83.95	-37.76
83.95	-38.02
84.00	-38.02
84.00	-37.82
84.05	-37.82
84.05	-37.94
84.10	-37.94
84.10	-37.84
84.15	-37.84
84.15	-37.35
84.20	-37.35
84.20	-36.94
84.25	-36.94
84.25	-37.24
84.30	-37.24
84.30	-36.82
84.35	-36.82
84.35	-37.55
84.40	-37.55
84.40	-37.54
84.45	-37.54
84.45	-37.84
84.50	-37.84
84.50	-38.15
84.55	-38.15
84.55	-37.80
84.60	-37.80
84.60	-37.52
84.65	-37.52
84.65	-37.19
84.70	-37.19
84.70	-37.34
84.75	-37.34
84.75	-37.41
84.80	-37.41
84.80	-37.95
84.85	-37.95
84.85	-37.55
84.90	-37.55
84.90	-37.98
84.95	-37.98
84.95	-37.94
85.00	-37.94
85.00	-38.32
85.05	-38.32
85.05	-37.49
85.10	-37.49
85.10	-37.07
85.15	-37.07
85.15	-37.20
85.20	-37.20
85.20	-37.06
85.25	-37.06
85.25	-36.62
85.30	-36.62
85.30	-36.81
85.35	-36.81
85.35	-37.19
85.40	-37.19
85.40	-39.15
85.45	-39.15
85.45	-41.13
85.50	-41.13
85.50	-41.03
85.55	-41.03
85.55	-40.68
85.60	-40.68
85.60	-39.29
85.65	-39.29
85.65	-38.70
85.70	-38.70
85.70	-40.33
85.75	-40.33
85.75	-39.98
85.80	-39.98
85.80	-40.09
85.85	-40.09
85.85	-41.20
85.90	-41.20
85.90	-40.89
85.95	-40.89
85.95	-40.46
86.00	-40.46
86.00	-40.31
86.05	-40.31
86.05	-40.69
86.10	-40.69
86.10	-41.29
86.15	-41.29
86.15	-41.13
86.20	-41.13
86.20	-41.08
86.25	-41.08
86.25	-41.60
86.30	-41.60
86.30	-41.36
86.35	-41.36
86.35	-41.40
86.40	-41.40
86.40	-41.52
86.45	-41.52
86.45	-40.93
86.50	-40.93
86.50	-41.56
86.55	-41.56
86.55	-41.60
86.60	-41.60
86.60	-40.68
86.65	-40.68
86.65	-40.73
86.70	-40.73
86.70	-40.77
86.75	-40.77
86.75	-40.04
86.80	-40.04
86.80	-41.02
86.85	-41.02
86.85	-41.35
86.90	-41.35
86.90	-41.32
86.95	-41.32
86.95	-41.50
87.00	-41.50
87.00	-41.57
87.05	-41.57
87.05	-41.27
87.10	-41.27
87.10	-40.91
87.15	-40.91
87.15	-40.93
87.20	-40.93
87.20	-41.24
87.25	-41.24
87.25	-41.47
87.30	-41.47
87.30	-41.70
87.35	-41.70
87.35	-42.09
87.40	-42.09
87.40	-41.39
87.45	-41.39
87.45	-41.31
87.50	-41.31
87.50	-41.28
87.55	-41.28
87.55	-41.16
87.60	-41.16
87.60	-41.26
87.65	-41.26
87.65	-41.35
87.70	-41.35
87.70	-41.96
87.75	-41.96
87.75	-41.97
87.80	-41.97
87.80	-42.04
87.85	-42.04
87.85	-41.84
87.90	-41.84
87.90	-41.51
87.95	-41.51
87.95	-41.60
88.00	-41.60
88.00	-41.79
88.05	-41.79
88.05	-41.54
88.10	-41.54
88.10	-41.74
88.15	-41.74
88.15	-41.84
88.20	-41.84
88.20	-41.59
88.25	-41.59
88.25	-41.19
88.30	-41.19
88.30	-40.47
88.35	-40.47
88.35	-39.87
88.40	-39.87
88.40	-39.10
88.45	-39.10
88.45	-40.00
88.50	-40.00
88.50	-40.59
88.55	-40.59
88.55	-40.50
88.60	-40.50
88.60	-40.00
88.65	-40.00
88.65	-39.69
88.70	-39.69
88.70	-39.32
88.75	-39.32
88.75	-38.92
88.80	-38.92
88.80	-39.14
88.85	-39.14
88.85	-39.79
88.90	-39.79
88.90	-39.21
88.95	-39.21
88.95	-38.97
89.00	-38.97
89.00	-38.61
89.05	-38.61
89.05	-38.81
89.10	-38.81
89.10	-39.22
89.15	-39.22
89.15	-38.94
89.20	-38.94
89.20	-38.83
89.25	-38.83
89.25	-38.53
89.30	-38.53
89.30	-38.55
89.35	-38.55
89.35	-38.89
89.40	-38.89
89.40	-39.01
89.45	-39.01
89.45	-39.43
89.50	-39.43
89.50	-39.67
89.55	-39.67
89.55	-39.29
89.60	-39.29
89.60	-38.87
89.65	-38.87
89.65	-38.30
89.70	-38.30
89.70	-38.35
89.75	-38.35
89.75	-38.47
89.80	-38.47
89.80	-38.48
89.85	-38.48
89.85	-38.18
89.90	-38.18
89.90	-38.62
89.95	-38.62
89.95	-38.47
90.00	-38.47
90.00	-37.90
90.05	-37.90
90.05	-37.96
90.10	-37.96
90.10	-38.18
90.15	-38.18
90.15	-37.86
90.20	-37.86
90.20	-38.00
90.25	-38.00
90.25	-37.75
90.30	-37.75
90.30	-37.68
90.35	-37.68
90.35	-38.02
90.40	-38.02
90.40	-38.14
90.45	-38.14
90.45	-39.13
90.50	-39.13
90.50	-38.49
90.55	-38.49
90.55	-38.19
90.60	-38.19
90.60	-37.97
90.65	-37.97
90.65	-38.45
90.70	-38.45
90.70	-39.92
90.75	-39.92
90.75	-40.24
90.80	-40.24
90.80	-39.87
90.85	-39.87
90.85	-39.88
90.90	-39.88
90.90	-39.99
90.95	-39.99
90.95	-39.86
91.00	-39.86
91.00	-39.94
91.05	-39.94
91.05	-39.64
91.10	-39.64
91.10	-39.46
91.15	-39.46
91.15	-39.38
91.20	-39.38
91.20	-39.60
91.25	-39.60
91.25	-39.61
91.30	-39.61
91.30	-39.50
91.35	-39.50
91.35	-39.58
91.40	-39.58
91.40	-39.75
91.45	-39.75
91.45	-39.78
91.50	-39.78
91.50	-39.57
91.55	-39.57
91.55	-39.27
91.60	-39.27
91.60	-39.40
91.65	-39.40
91.65	-39.51
91.70	-39.51
91.70	-39.50
91.75	-39.50
91.75	-39.60
91.80	-39.60
91.80	-39.11
91.85	-39.11
91.85	-39.79
91.90	-39.79
91.90	-39.60
91.95	-39.60
91.95	-39.68
92.00	-39.68
92.00	-39.86
92.05	-39.86
92.05	-39.87
92.10	-39.87
92.10	-39.89
92.15	-39.89
92.15	-39.86
92.20	-39.86
92.20	-40.21
92.25	-40.21
92.25	-39.97
92.30	-39.97
92.30	-39.56
92.35	-39.56
92.35	-39.14
92.40	-39.14
92.40	-39.26
92.45	-39.26
92.45	-39.64
92.50	-39.64
92.50	-39.80
92.55	-39.80
92.55	-39.91
92.60	-39.91
92.60	-39.62
92.65	-39.62
92.65	-39.77
92.70	-39.77
92.70	-39.64
92.75	-39.64
92.75	-40.04
92.80	-40.04
92.80	-40.18
92.85	-40.18
92.85	-39.76
92.90	-39.76
92.90	-39.33
92.95	-39.33
92.95	-39.79
93.00	-39.79
93.00	-39.26
93.05	-39.26
93.05	-39.69
93.10	-39.69
93.10	-39.75
93.15	-39.75
93.15	-39.97
93.20	-39.97
93.20	-39.74
93.25	-39.74
93.25	-39.57
93.30	-39.57
93.30	-39.67
93.35	-39.67
93.35	-39.88
93.40	-39.88
93.40	-40.45
93.45	-40.45
93.45	-40.05
93.50	-40.05
93.50	-39.98
93.55	-39.98
93.55	-39.96
93.60	-39.96
93.60	-39.93
93.65	-39.93
93.65	-39.92
93.70	-39.92
93.70	-40.29
93.75	-40.29
93.75	-39.35
93.80	-39.35
93.80	-39.43
93.85	-39.43
93.85	-39.72
93.90	-39.72
93.90	-39.85
93.95	-39.85
93.95	-39.69
94.00	-39.69
94.00	-39.55
94.05	-39.55
94.05	-39.85
94.10	-39.85
94.10	-39.18
94.15	-39.18
94.15	-39.81
94.20	-39.81
94.20	-39.90
94.25	-39.90
94.25	-39.78
94.30	-39.78
94.30	-39.73
94.35	-39.73
94.35	-39.69
94.40	-39.69
94.40	-39.41
94.45	-39.41
94.45	-39.05
94.50	-39.05
94.50	-39.39
94.55	-39.39
94.55	-39.58
94.60	-39.58
94.60	-39.29
94.65	-39.29
94.65	-39.11
94.70	-39.11
94.70	-38.97
94.75	-38.97
94.75	-39.47
94.80	-39.47
94.80	-39.73
94.85	-39.73
94.85	-39.63
94.90	-39.63
94.90	-39.60
94.95	-39.60
94.95	-39.51
95.00	-39.51
95.00	-39.62
95.05	-39.62
95.05	-39.96
95.10	-39.96
95.10	-39.88
95.15	-39.88
95.15	-39.68
95.20	-39.68
95.20	-39.39
95.25	-39.39
95.25	-39.20
95.30	-39.20
95.30	-39.38
95.35	-39.38
95.35	-39.44
95.40	-39.44
95.40	-39.13
95.45	-39.13
95.45	-39.49
95.50	-39.49
95.50	-39.27
95.55	-39.27
95.55	-38.76
95.60	-38.76
95.60	-38.88
95.65	-38.88
95.65	-39.19
95.70	-39.19
95.70	-39.38
95.75	-39.38
95.75	-39.23
95.80	-39.23
95.80	-38.80
95.85	-38.80
95.85	-38.73
95.90	-38.73
95.90	-39.20
95.95	-39.20
95.95	-39.30
96.00	-39.30
96.00	-39.24
96.05	-39.24
96.05	-38.77
96.10	-38.77
96.10	-38.77
96.15	-38.77
96.15	-38.79
96.20	-38.79
96.20	-38.66
96.25	-38.66
96.25	-38.87
96.30	-38.87
96.30	-38.68
96.35	-38.68
96.35	-38.84
96.40	-38.84
96.40	-38.99
96.45	-38.99
96.45	-38.83
96.50	-38.83
96.50	-38.50
96.55	-38.50
96.55	-38.60
96.60	-38.60
96.60	-39.01
96.65	-39.01
96.65	-38.80
96.70	-38.80
96.70	-38.45
96.75	-38.45
96.75	-38.49
96.80	-38.49
96.80	-38.21
96.85	-38.21
96.85	-38.34
96.90	-38.34
96.90	-38.28
96.95	-38.28
96.95	-38.36
97.00	-38.36
97.00	-38.89
97.05	-38.89
97.05	-39.04
97.10	-39.04
97.10	-39.36
97.15	-39.36
97.15	-39.17
97.20	-39.17
97.20	-38.13
97.25	-38.13
97.25	-38.54
97.30	-38.54
97.30	-38.81
97.35	-38.81
97.35	-38.90
97.40	-38.90
97.40	-38.93
97.45	-38.93
97.45	-38.80
97.50	-38.80
97.50	-38.70
97.55	-38.70
97.55	-38.64
97.60	-38.64
97.60	-38.43
97.65	-38.43
97.65	-38.54
97.70	-38.54
97.70	-38.35
97.75	-38.35
97.75	-38.36
97.80	-38.36
97.80	-38.38
97.85	-38.38
97.85	-38.03
97.90	-38.03
97.90	-37.97
97.95	-37.97
97.95	-37.93
98.00	-37.93
98.00	-39.15
98.05	-39.15
98.05	-38.75
98.10	-38.75
98.10	-38.27
98.15	-38.27
98.15	-38.51
98.20	-38.51
98.20	-38.61
98.25	-38.61
98.25	-38.62
98.30	-38.62
98.30	-38.51
98.35	-38.51
98.35	-38.44
98.40	-38.44
98.40	-38.63
98.45	-38.63
98.45	-38.53
98.50	-38.53
98.50	-38.38
98.55	-38.38
98.55	-38.52
98.60	-38.52
98.60	-38.47
98.65	-38.47
98.65	-38.44
98.70	-38.44
98.70	-38.82
98.75	-38.82
98.75	-38.56
98.80	-38.56
98.80	-38.55
98.85	-38.55
98.85	-38.27
98.90	-38.27
98.90	-38.36
98.95	-38.36
98.95	-38.02
99.00	-38.02
99.00	-38.12
99.05	-38.12
99.05	-38.21
99.10	-38.21
99.10	-38.07
99.15	-38.07
99.15	-37.92
99.20	-37.92
99.20	-37.68
99.25	-37.68
99.25	-37.38
99.30	-37.38
99.30	-37.90
99.35	-37.90
99.35	-38.29
99.40	-38.29
99.40	-37.86
99.45	-37.86
99.45	-38.62
99.50	-38.62
99.50	-38.49
99.55	-38.49
99.55	-38.05
99.60	-38.05
99.60	-38.19
99.65	-38.19
99.65	-38.36
99.70	-38.36
99.70	-38.31
99.75	-38.31
99.75	-38.21
99.80	-38.21
99.80	-37.84
99.85	-37.84
99.85	-37.72
99.90	-37.72
99.90	-38.07
99.95	-38.07
99.95	-38.14
100.00	-38.14
100.00	-38.14
100.05	-38.14
100.05	-37.73
100.10	-37.73
100.10	-37.77
100.15	-37.77
100.15	-37.91
100.20	-37.91
100.20	-37.57
100.25	-37.57
100.25	-37.68
100.30	-37.68
100.30	-37.84
100.35	-37.84
100.35	-37.57
100.40	-37.57
100.40	-37.58
100.45	-37.58
100.45	-37.46
100.50	-37.46
100.50	-37.54
100.55	-37.54
100.55	-37.52
100.60	-37.52
100.60	-37.83
100.65	-37.83
100.65	-37.98
100.70	-37.98
100.70	-37.87
100.75	-37.87
100.75	-37.71
100.80	-37.71
100.80	-37.75
100.85	-37.75
100.85	-37.99
100.90	-37.99
100.90	-37.92
100.95	-37.92
100.95	-38.04
101.00	-38.04
101.00	-37.88
101.05	-37.88
101.05	-37.63
101.10	-37.63
101.10	-37.84
101.15	-37.84
101.15	-38.13
101.20	-38.13
101.20	-37.63
101.25	-37.63
101.25	-37.93
101.30	-37.93
101.30	-38.06
101.35	-38.06
101.35	-37.59
101.40	-37.59
101.40	-37.73
101.45	-37.73
101.45	-37.56
101.50	-37.56
101.50	-37.75
101.55	-37.75
101.55	-37.45
101.60	-37.45
101.60	-37.37
101.65	-37.37
101.65	-37.48
101.70	-37.48
101.70	-37.05
101.75	-37.05
101.75	-37.49
101.80	-37.49
101.80	-37.82
101.85	-37.82
101.85	-37.71
101.90	-37.71
101.90	-37.49
101.95	-37.49
101.95	-37.49
102.00	-37.49
102.00	-37.53
102.05	-37.53
102.05	-37.55
102.10	-37.55
102.10	-37.62
102.15	-37.62
102.15	-37.49
102.20	-37.49
102.20	-37.38
102.25	-37.38
102.25	-37.54
102.30	-37.54
102.30	-37.34
102.35	-37.34
102.35	-37.06
102.40	-37.06
102.40	-37.12
102.45	-37.12
102.45	-37.24
102.50	-37.24
102.50	-37.22
102.55	-37.22
102.55	-37.11
102.60	-37.11
102.60	-37.12
102.65	-37.12
102.65	-36.97
102.70	-36.97
102.70	-37.13
102.75	-37.13
102.75	-37.16
102.80	-37.16
102.80	-37.08
102.85	-37.08
102.85	-37.08
102.90	-37.08
102.90	-36.99
102.95	-36.99
102.95	-37.08
103.00	-37.08
103.00	-36.98
103.05	-36.98
103.05	-37.02
103.10	-37.02
103.10	-37.02
103.15	-37.02
103.15	-36.56
103.20	-36.56
103.20	-36.95
103.25	-36.95
103.25	-37.43
103.30	-37.43
103.30	-36.85
103.35	-36.85
103.35	-36.81
103.40	-36.81
103.40	-36.66
103.45	-36.66
103.45	-36.41
103.50	-36.41
103.50	-36.53
103.55	-36.53
103.55	-37.04
103.60	-37.04
103.60	-37.15
103.65	-37.15
103.65	-36.94
103.70	-36.94
103.70	-36.01
103.75	-36.01
103.75	-36.53
103.80	-36.53
103.80	-37.01
103.85	-37.01
103.85	-36.77
103.90	-36.77
103.90	-36.84
103.95	-36.84
103.95	-36.84
104.00	-36.84
104.00	-37.06
104.05	-37.06
104.05	-36.92
104.10	-36.92
104.10	-37.06
104.15	-37.06
104.15	-36.91
104.20	-36.91
104.20	-36.71
104.25	-36.71
104.25	-36.90
104.30	-36.90
104.30	-36.82
104.35	-36.82
104.35	-36.51
104.40	-36.51
104.40	-36.92
104.45	-36.92
104.45	-36.47
104.50	-36.47
104.50	-36.83
104.55	-36.83
104.55	-37.08
104.60	-37.08
104.60	-36.85
104.65	-36.85
104.65	-37.70
104.70	-37.70
104.70	-38.86
104.75	-38.86
104.75	-39.54
104.80	-39.54
104.80	-39.53
104.85	-39.53
104.85	-39.70
104.90	-39.70
104.90	-39.43
104.95	-39.43
104.95	-39.32
105.00	-39.32
105.00	-37.42
105.05	-37.42
105.05	-36.67
105.10	-36.67
105.10	-38.17
105.15	-38.17
105.15	-39.62
105.20	-39.62
105.20	-39.59
105.25	-39.59
105.25	-39.94
105.30	-39.94
105.30	-39.95
105.35	-39.95
105.35	-39.87
105.40	-39.87
105.40	-39.92
105.45	-39.92
105.45	-40.01
105.50	-40.01
105.50	-39.88
105.55	-39.88
105.55	-39.60
105.60	-39.60
105.60	-39.65
105.65	-39.65
105.65	-40.19
105.70	-40.19
105.70	-39.95
105.75	-39.95
105.75	-39.47
105.80	-39.47
105.80	-39.47
105.85	-39.47
105.85	-39.76
105.90	-39.76
105.90	-39.66
105.95	-39.66
105.95	-39.77
106.00	-39.77
106.00	-38.27
106.05	-38.27
106.05	-37.95
106.10	-37.95
106.10	-37.83
106.15	-37.83
106.15	-37.72
106.20	-37.72
106.20	-37.37
106.25	-37.37
106.25	-37.51
106.30	-37.51
106.30	-37.62
106.35	-37.62
106.35	-37.22
106.40	-37.22
106.40	-37.10
106.45	-37.10
106.45	-37.43
106.50	-37.43
106.50	-37.51
106.55	-37.51
106.55	-37.59
106.60	-37.59
106.60	-37.44
106.65	-37.44
106.65	-37.45
106.70	-37.45
106.70	-38.39
106.75	-38.39
106.75	-38.37
106.80	-38.37
106.80	-37.34
106.85	-37.34
106.85	-37.32
106.90	-37.32
106.90	-37.09
106.95	-37.09
106.95	-37.43
107.00	-37.43
107.00	-37.27
107.05	-37.27
107.05	-37.07
107.10	-37.07
107.10	-36.60
107.15	-36.60
107.15	-36.74
107.20	-36.74
107.20	-39.09
107.25	-39.09
107.25	-39.94
107.30	-39.94
107.30	-38.69
107.35	-38.69
107.35	-37.43
107.40	-37.43
107.40	-37.43
107.45	-37.43
107.45	-37.49
107.50	-37.49
107.50	-37.67
107.55	-37.67
107.55	-37.51
107.60	-37.51
107.60	-37.22
107.65	-37.22
107.65	-37.48
107.70	-37.48
107.70	-37.55
107.75	-37.55
107.75	-37.82
107.80	-37.82
107.80	-37.69
107.85	-37.69
107.85	-37.42
107.90	-37.42
107.90	-37.78
107.95	-37.78
107.95	-37.42
108.00	-37.42
108.00	-37.46
108.05	-37.46
108.05	-37.65
108.10	-37.65
108.10	-37.29
108.15	-37.29
108.15	-37.06
108.20	-37.06
108.20	-37.30
108.25	-37.30
108.25	-37.29
108.30	-37.29
108.30	-37.27
108.35	-37.27
108.35	-36.75
108.40	-36.75
108.40	-36.71
108.45	-36.71
108.45	-36.67
108.50	-36.67
108.50	-36.42
108.55	-36.42
108.55	-36.53
108.60	-36.53
108.60	-37.69
108.65	-37.69
108.65	-39.55
108.70	-39.55
108.70	-40.56
108.75	-40.56
108.75	-41.27
108.80	-41.27
108.80	-41.02
108.85	-41.02
108.85	-40.49
108.90	-40.49
108.90	-40.79
108.95	-40.79
108.95	-40.95
109.00	-40.95
109.00	-41.15
109.05	-41.15
109.05	-40.84
109.10	-40.84
109.10	-40.68
109.15	-40.68
109.15	-40.49
109.20	-40.49
109.20	-41.13
109.25	-41.13
109.25	-41.22
109.30	-41.22
109.30	-41.26
109.35	-41.26
109.35	-41.10
109.40	-41.10
109.40	-40.97
109.45	-40.97
109.45	-40.72
109.50	-40.72
109.50	-40.81
109.55	-40.81
109.55	-40.91
109.60	-40.91
109.60	-41.23
109.65	-41.23
109.65	-41.50
109.70	-41.50
109.70	-41.69
109.75	-41.69
109.75	-41.41
109.80	-41.41
109.80	-41.38
109.85	-41.38
109.85	-41.33
109.90	-41.33
109.90	-41.27
109.95	-41.27
109.95	-41.26
110.00	-41.26
110.00	-41.38
110.05	-41.38
110.05	-41.11
110.10	-41.11
110.10	-40.81
110.15	-40.81
110.15	-41.25
110.20	-41.25
110.20	-41.29
110.25	-41.29
110.25	-41.28
110.30	-41.28
110.30	-41.40
110.35	-41.40
110.35	-41.46
110.40	-41.46
110.40	-41.89
110.45	-41.89
110.45	-41.79
110.50	-41.79
110.50	-41.53
110.55	-41.53
110.55	-41.51
110.60	-41.51
110.60	-41.51
110.65	-41.51
110.65	-41.18
110.70	-41.18
110.70	-41.19
110.75	-41.19
110.75	-41.24
110.80	-41.24
110.80	-40.76
110.85	-40.76
110.85	-40.00
110.90	-40.00
110.90	-39.02
110.95	-39.02
110.95	-38.20
111.00	-38.20
111.00	-38.31
111.05	-38.31
111.05	-38.24
111.10	-38.24
111.10	-38.38
111.15	-38.38
111.15	-39.61
111.20	-39.61
111.20	-39.59
111.25	-39.59
111.25	-39.79
111.30	-39.79
111.30	-39.79
111.35	-39.79
111.35	-39.47
111.40	-39.47
111.40	-39.90
111.45	-39.90
111.45	-39.91
111.50	-39.91
111.50	-39.49
111.55	-39.49
111.55	-39.12
111.60	-39.12
111.60	-38.98
111.65	-38.98
111.65	-38.69
111.70	-38.69
111.70	-38.27
111.75	-38.27
111.75	-38.80
111.80	-38.80
111.80	-39.02
111.85	-39.02
111.85	-38.83
111.90	-38.83
111.90	-38.98
111.95	-38.98
111.95	-39.01
112.00	-39.01
112.00	-38.85
112.05	-38.85
112.05	-38.41
112.10	-38.41
112.10	-37.73
112.15	-37.73
112.15	-37.90
112.20	-37.90
112.20	-38.27
112.25	-38.27
112.25	-37.91
112.30	-37.91
112.30	-37.80
112.35	-37.80
112.35	-37.91
112.40	-37.91
112.40	-37.86
112.45	-37.86
112.45	-38.13
112.50	-38.13
112.50	-37.74
112.55	-37.74
112.55	-37.62
112.60	-37.62
112.60	-37.32
112.65	-37.32
112.65	-37.41
112.70	-37.41
112.70	-37.29
112.75	-37.29
112.75	-37.40
112.80	-37.40
112.80	-37.26
112.85	-37.26
112.85	-37.28
112.90	-37.28
112.90	-37.35
112.95	-37.35
112.95	-37.37
113.00	-37.37
113.00	-37.50
113.05	-37.50
113.05	-37.73
113.10	-37.73
113.10	-37.14
113.15	-37.14
113.15	-36.98
113.20	-36.98
113.20	-37.07
113.25	-37.07
113.25	-37.20
113.30	-37.20
113.30	-37.33
113.35	-37.33
113.35	-37.20
113.40	-37.20
113.40	-37.05
113.45	-37.05
113.45	-37.75
113.50	-37.75
113.50	-37.92
113.55	-37.92
113.55	-37.52
113.60	-37.52
113.60	-37.62
113.65	-37.62
113.65	-37.22
113.70	-37.22
113.70	-37.27
113.75	-37.27
113.75	-37.07
113.80	-37.07
113.80	-37.36
113.85	-37.36
113.85	-37.02
113.90	-37.02
113.90	-37.29
113.95	-37.29
113.95	-37.31
114.00	-37.31
114.00	-36.81
114.05	-36.81
114.05	-37.46
114.10	-37.46
114.10	-37.53
114.15	-37.53
114.15	-37.18
114.20	-37.18
114.20	-37.07
114.25	-37.07
114.25	-37.28
114.30	-37.28
114.30	-37.33
114.35	-37.33
114.35	-37.25
114.40	-37.25
114.40	-37.03
114.45	-37.03
114.45	-37.29
114.50	-37.29
114.50	-37.13
114.55	-37.13
114.55	-37.20
114.60	-37.20
114.60	-37.25
114.65	-37.25
114.65	-37.24
114.70	-37.24
114.70	-37.02
114.75	-37.02
114.75	-37.07
114.80	-37.07
114.80	-37.24
114.85	-37.24
114.85	-36.95
114.90	-36.95
114.90	-37.01
114.95	-37.01
114.95	-37.34
115.00	-37.34
115.00	-37.39
115.05	-37.39
115.05	-37.18
115.10	-37.18
115.10	-37.05
115.15	-37.05
115.15	-37.17
115.20	-37.17
115.20	-37.12
115.25	-37.12
115.25	-36.99
115.30	-36.99
115.30	-36.73
115.35	-36.73
115.35	-36.97
115.40	-36.97
115.40	-37.54
115.45	-37.54
115.45	-37.99
115.50	-37.99
115.50	-38.46
115.55	-38.46
115.55	-38.80
115.60	-38.80
115.60	-38.49
115.65	-38.49
115.65	-38.01
115.70	-38.01
115.70	-38.62
115.75	-38.62
115.75	-38.51
115.80	-38.51
115.80	-38.56
115.85	-38.56
115.85	-38.61
115.90	-38.61
115.90	-38.30
115.95	-38.30
115.95	-38.41
116.00	-38.41
116.00	-38.74
116.05	-38.74
116.05	-38.58
116.10	-38.58
116.10	-38.56
116.15	-38.56
116.15	-38.63
116.20	-38.63
116.20	-38.52
116.25	-38.52
116.25	-38.13
116.30	-38.13
116.30	-38.09
116.35	-38.09
116.35	-38.45
116.40	-38.45
116.40	-38.37
116.45	-38.37
116.45	-38.33
116.50	-38.33
116.50	-38.42
116.55	-38.42
116.55	-37.86
116.60	-37.86
116.60	-38.03
116.65	-38.03
116.65	-38.48
116.70	-38.48
116.70	-38.14
116.75	-38.14
116.75	-37.97
116.80	-37.97
116.80	-38.11
116.85	-38.11
116.85	-38.40
116.90	-38.40
116.90	-38.39
116.95	-38.39
116.95	-38.26
117.00	-38.26
117.00	-38.11
117.05	-38.11
117.05	-38.05
117.10	-38.05
117.10	-38.07
117.15	-38.07
117.15	-38.03
117.20	-38.03
117.20	-37.90
117.25	-37.90
117.25	-38.01
117.30	-38.01
117.30	-38.00
117.35	-38.00
117.35	-38.16
117.40	-38.16
117.40	-38.21
117.45	-38.21
117.45	-38.15
117.50	-38.15
117.50	-38.00
117.55	-38.00
117.55	-37.74
117.60	-37.74
117.60	-37.35
117.65	-37.35
117.65	-37.72
117.70	-37.72
117.70	-37.81
117.75	-37.81
117.75	-37.69
117.80	-37.69
117.80	-37.67
117.85	-37.67
117.85	-37.39
117.90	-37.39
117.90	-37.27
117.95	-37.27
117.95	-37.42
118.00	-37.42
118.00	-37.52
118.05	-37.52
118.05	-37.70
118.10	-37.70
118.10	-37.63
118.15	-37.63
118.15	-37.75
118.20	-37.75
118.20	-37.88
118.25	-37.88
118.25	-37.88
118.30	-37.88
118.30	-37.78
118.35	-37.78
118.35	-37.68
118.40	-37.68
118.40	-37.59
118.45	-37.59
118.45	-37.32
118.50	-37.32
118.50	-36.92
118.55	-36.92
118.55	-37.26
118.60	-37.26
118.60	-37.17
118.65	-37.17
118.65	-37.48
118.70	-37.48
118.70	-37.31
118.75	-37.31
118.75	-37.12
118.80	-37.12
118.80	-37.30
118.85	-37.30
118.85	-37.51
118.90	-37.51
118.90	-37.20
118.95	-37.20
118.95	-36.70
119.00	-36.70
119.00	-36.82
119.05	-36.82
119.05	-36.99
119.10	-36.99
119.10	-36.98
119.15	-36.98
119.15	-36.95
119.20	-36.95
119.20	-36.35
119.25	-36.35
119.25	-36.68
119.30	-36.68
119.30	-36.69
119.35	-36.69
119.35	-35.85
119.40	-35.85
119.40	-35.80
119.45	-35.80
119.45	-35.70
119.50	-35.70
119.50	-35.60
119.55	-35.60
119.55	-35.65
119.60	-35.65
119.60	-35.45
119.65	-35.45
119.65	-35.49
119.70	-35.49
119.70	-35.35
119.75	-35.35
119.75	-34.88
119.80	-34.88
119.80	-34.68
119.85	-34.68
119.85	-34.93
119.90	-34.93
119.90	-35.01
119.95	-35.01
119.95	-34.74
120.00	-34.74
120.00	-34.81
120.05	-34.81
120.05	-34.72
120.10	-34.72
120.10	-34.52
120.15	-34.52
120.15	-34.41
120.20	-34.41
120.20	-34.32
120.25	-34.32
120.25	-34.61
120.30	-34.61
120.30	-34.48
120.35	-34.48
120.35	-34.29
120.40	-34.29
120.40	-34.35
120.45	-34.35
120.45	-34.32
120.50	-34.32
120.50	-34.20
120.55	-34.20
120.55	-34.18
120.60	-34.18
120.60	-34.03
120.65	-34.03
120.65	-33.95
120.70	-33.95
120.70	-33.81
120.75	-33.81
120.75	-33.54
120.80	-33.54
120.80	-33.66
120.85	-33.66
120.85	-33.67
120.90	-33.67
120.90	-33.39
120.95	-33.39
120.95	-33.35
121.00	-33.35
121.00	-33.34
121.05	-33.34
121.05	-33.32
121.10	-33.32
121.10	-33.14
121.15	-33.14
121.15	-32.79
121.20	-32.79
121.20	-32.85
121.25	-32.85
121.25	-32.67
121.30	-32.67
121.30	-32.70
121.35	-32.70
121.35	-32.60
121.40	-32.60
121.40	-32.69
121.45	-32.69
121.45	-32.89
121.50	-32.89
121.50	-32.64
121.55	-32.64
121.55	-32.39
121.60	-32.39
121.60	-32.43
121.65	-32.43
121.65	-32.33
121.70	-32.33
121.70	-32.46
121.75	-32.46
121.75	-32.45
121.80	-32.45
121.80	-32.35
121.85	-32.35
121.85	-32.39
121.90	-32.39
121.90	-32.37
121.95	-32.37
121.95	-32.34
122.00	-32.34
122.00	-32.26
122.05	-32.26
122.05	-32.27
122.10	-32.27
122.10	-32.15
122.15	-32.15
122.15	-32.32
122.20	-32.32
122.20	-32.34
122.25	-32.34
122.25	-32.33
122.30	-32.33
122.30	-32.30
122.35	-32.30
122.35	-32.33
122.40	-32.33
122.40	-32.36
122.45	-32.36
122.45	-32.49
122.50	-32.49
122.50	-32.59
122.55	-32.59
122.55	-32.58
122.60	-32.58
122.60	-32.64
122.65	-32.64
122.65	-32.64
122.70	-32.64
122.70	-32.49
122.75	-32.49
122.75	-32.47
122.80	-32.47
122.80	-32.68
122.85	-32.68
122.85	-32.62
122.90	-32.62
