"v1";"v2";"asso";"diss";"adja"
"1";"Acanthasteridae";"Characeae";0.00495449602588544;0.705352927254901;0.294647072745099
"2";"Acanthasteridae";"Hapalidiaceae";0.0333921916094147;0.695200621544093;0.304799378455907
"3";"Acanthasteridae";"Kallymeniaceae";0.0231838645554221;0.698861980452714;0.301138019547286
"4";"Acanthasteridae";"Rhodogorgonaceae";0.0578581989078291;0.686346050142408;0.313653949857592
"5";"Acanthasteridae";"Rhodymeniaceae";0.0281642568609421;0.697078095746473;0.302921904253527
"6";"Acanthocerataceae";"Aiptasiidae";0.0789983075974472;0.678602126581752;0.321397873418248
"7";"Acanthocerataceae";"Amphipleuraceae";0.0943099705893418;0.672937600900209;0.327062399099791
"8";"Acanthocerataceae";"Biddulphiaceae";0.0402773180370066;0.692720247272661;0.307279752727339
"9";"Acanthocerataceae";"Cavenderiaceae";0.142253048219502;0.654884322525932;0.345115677474068
"10";"Acanthocerataceae";"Chaetocerotaceae";0.408148370390462;0.543990638526776;0.456009361473224
"11";"Acanthocerataceae";"Cymatosiraceae";0.124097087784518;0.661779008512465;0.338220991487535
"12";"Acanthocerataceae";"Hemiaulaceae";0.231410667025918;0.61991504779852;0.38008495220148
"13";"Acanthocerataceae";"Lithodesmiaceae";0.0449065207604301;0.691047566828641;0.308952433171359
"14";"Acanthocerataceae";"Rhizosoleniaceae";0.00316784415982851;0.705985890737262;0.294014109262738
"15";"Acaryochloridaceae";"Gloeomargaritaceae";0.157185857012114;0.649158741367582;0.350841258632418
"16";"Acaryochloridaceae";"Hypneaceae";0.258425103779818;0.608923187364458;0.391076812635542
"17";"Acaryochloridaceae";"Merismopediaceae";0.0157903971307453;0.701501818554041;0.298498181445959
"18";"Acaryochloridaceae";"Protoperidiniaceae";0.00367027576602694;0.705807949882251;0.294192050117749
"19";"Acinetosporaceae";"Alepocephalidae";0.10346020558216;0.669529608911301;0.330470391088699
"20";"Acinetosporaceae";"Campanulariidae";0.0451381938803037;0.69096374945423;0.30903625054577
"21";"Acinetosporaceae";"Characeae";0.201433001918642;0.63188883440102;0.36811116559898
"22";"Acinetosporaceae";"Chrysochromulinaceae";0.0439073255644504;0.691408950779331;0.308591049220669
"23";"Acinetosporaceae";"Ectocarpaceae";0.0017134785250611;0.70650071531278;0.29349928468722
"24";"Acinetosporaceae";"Hapalidiaceae";0.00166579860599755;0.706517586969356;0.293482413030644
"25";"Acinetosporaceae";"Scytosiphonaceae";0.0783455387761713;0.678842566882716;0.321157433117284
"26";"Acipenseridae";"Aiptasiidae";0.0833548979327983;0.676995237083394;0.323004762916606
"27";"Acipenseridae";"Cavenderiaceae";0.171962482163067;0.643442894838747;0.356557105161253
"28";"Acipenseridae";"Chaetocerotaceae";0.00671874343281009;0.704727343221189;0.295272656778811
"29";"Acipenseridae";"Gasterosteidae";0.0130259338796276;0.702486322329614;0.297513677670386
"30";"Acipenseridae";"Hyalellidae";0.101113878349784;0.670405146777013;0.329594853222987
"31";"Acipenseridae";"Microcoleaceae";0.147153129735382;0.653011052840845;0.346988947159155
"32";"Acipenseridae";"Prochlorotrichaceae";0.162272632310636;0.647196789118026;0.352803210881974
"33";"Acrochaetiaceae";"Alepocephalidae";0.0666833126179542;0.683123959242408;0.316876040757592
"34";"Acrochaetiaceae";"Campanulariidae";0.0641100764304473;0.684065027453367;0.315934972546633
"35";"Acrochaetiaceae";"Cottidae";0.0409961787675318;0.692460764676407;0.307539235323593
"36";"Acrochaetiaceae";"Klebsormidiaceae";0.00488539912143043;0.705377417018212;0.294622582981788
"37";"Acrochaetiaceae";"Polynoidae";0.0982528350916164;0.671471207464767;0.328528792535233
"38";"Acrochaetiaceae";"Zoarcidae";0.00433810469057458;0.705571362552869;0.294428637447131
"39";"Acroporidae";"Attheyaceae";-0.0445958997271977;0.722701840224306;0.277298159775694
"40";"Acroporidae";"Kareniaceae";-0.0331828183430636;0.718742936780273;0.281257063219727
"41";"Acroporidae";"Leptolyngbyaceae";0.00748639852162908;0.704454967147784;0.295545032852216
"42";"Acroporidae";"Prochloraceae";0.0406426199983998;0.692588398690593;0.307411601309407
"43";"Acroporidae";"Roseiflexaceae";0.0445711995166951;0.691168865214321;0.308831134785679
"44";"Acroporidae";"Solieriaceae";0.00605609937566712;0.704962375103925;0.295037624896075
"45";"Acroporidae";"Syngnathidae";0.104250443956385;0.66923447163293;0.33076552836707
"46";"Acroporidae";"Terebellidae";-0.0326612143584004;0.718561484619932;0.281438515380068
"47";"Actiniidae";"Chloropicaceae";0.00276879176744324;0.706127186926179;0.293872813073821
"48";"Actiniidae";"Echeneidae";0.00355542273076098;0.705848630114573;0.294151369885427
"49";"Actiniidae";"Tetragonicipitidae";0.280582517998018;0.599757235055144;0.400242764944856
"50";"Acytosteliaceae";"Aiptasiidae";0.0295204469744169;0.696591542091053;0.303408457908947
"51";"Acytosteliaceae";"Bryopsidaceae";0.0166051120740816;0.7012114117461;0.2987885882539
"52";"Acytosteliaceae";"Cyanothecaceae";0.0585039055438975;0.686110812644759;0.313889187355241
"53";"Acytosteliaceae";"Euglenaceae";0.0611466994641956;0.68514717416618;0.31485282583382
"54";"Acytosteliaceae";"Polynoidae";-0.00249253274261058;0.707987476140154;0.292012523859846
"55";"Acytosteliaceae";"Prochlorotrichaceae";0.044509380739894;0.691191225081781;0.308808774918219
"56";"Aegisthidae";"Chrysolepidomonadaceae";0.347605343449664;0.571136873503338;0.428863126496662
"57";"Aegisthidae";"Haliotidae";0.128671631899256;0.660048622489565;0.339951377510435
"58";"Aegisthidae";"Tetragonicipitidae";0.1966845219893;0.633764734744171;0.366235265255829
"59";"Agaraceae";"Amoebophryaceae";0.0337133321002536;0.695085127124637;0.304914872875363
"60";"Agaraceae";"Anoplopomatidae";0.0182733222215836;0.7006163992437;0.2993836007563
"61";"Agaraceae";"Batrachospermaceae";0.0986304143805216;0.671330613639613;0.328669386360387
"62";"Agaraceae";"Derbesiaceae";0.201718624566138;0.631775820775796;0.368224179224204
"63";"Agaraceae";"Liparidae";0.0259996517865329;0.697853977639114;0.302146022360886
"64";"Agaraceae";"Salpingoecidae";-0.00119988242887664;0.707530876509597;0.292469123490403
"65";"Agaraceae";"Terebellidae";0.0411618672850379;0.69240094335398;0.30759905664602
"66";"Agaraceae";"Thraustochytriaceae";0.00417651669709618;0.705628614535615;0.294371385464385
"67";"Aiptasiidae";"Hyalellidae";0.089533572762923;0.674709725451278;0.325290274548722
"68";"Aiptasiidae";"Niphatidae";0.0841303906580881;0.676708803453122;0.323291196546878
"69";"Aiptasiidae";"Prochlorotrichaceae";0.0215506209083443;0.699445987582907;0.300554012417093
"70";"Alariaceae";"Fucaceae";0.0468992133855101;0.690326294810827;0.309673705189173
"71";"Alariaceae";"Gromiidae";0.0132068333648118;0.702421941084982;0.297578058915018
"72";"Alariaceae";"Hemidiscaceae";0.0334082682403514;0.695194840228137;0.304805159771863
"73";"Alariaceae";"Laminariaceae";0.318952276211581;0.583544224454505;0.416455775545495
"74";"Alariaceae";"Mallomonadaceae";0.0517064626024834;0.688583160336323;0.311416839663677
"75";"Alariaceae";"Pocilloporidae";-0.0165745333120451;0.712942681185537;0.287057318814463
"76";"Alariaceae";"Pyramimonadaceae";0.0044535330751998;0.705530462462394;0.294469537537606
"77";"Alariaceae";"Rotaliidae";0.00368479664497529;0.705802806510085;0.294197193489915
"78";"Alepocephalidae";"Anoplopomatidae";0.367530314611485;0.56234761731002;0.43765238268998
"79";"Alepocephalidae";"Ceratiidae";0.158217925498568;0.648761155781321;0.351238844218679
"80";"Alepocephalidae";"Chlorocystidaceae";0.0749822239100988;0.680080060025987;0.319919939974013
"81";"Alepocephalidae";"Cottidae";0.104799960249791;0.6690291622008;0.3309708377992
"82";"Alepocephalidae";"Gadidae";0.0470608019209251;0.690267773432555;0.309732226567445
"83";"Alepocephalidae";"Gonostomatidae";0.12548207516093;0.661255595378622;0.338744404621378
"84";"Alepocephalidae";"Gromiidae";0.0381436644401834;0.693489846919123;0.306510153080877
"85";"Alepocephalidae";"Liparidae";0.114155703569237;0.665523965169836;0.334476034830164
"86";"Alepocephalidae";"Loliginidae";0.179323752567226;0.640576399593668;0.359423600406332
"87";"Alepocephalidae";"Lysianassidae";0.0251275329659034;0.698166336568191;0.301833663431809
"88";"Alepocephalidae";"Microstomatidae";0.250242814450029;0.612273299087087;0.387726700912913
"89";"Alepocephalidae";"Oreosomatidae";0.0293766320535503;0.696643153969968;0.303356846030032
"90";"Alepocephalidae";"Saccosporidae";0.298616165367577;0.592192466446688;0.407807533553312
"91";"Alepocephalidae";"Zoarcidae";0.0899621588274757;0.674550902887441;0.325449097112559
"92";"Ammodytidae";"Bolbocoleonaceae";0.149527662502694;0.652101348525406;0.347898651474594
"93";"Ammodytidae";"Cionidae";0.0797024262086031;0.67834267659915;0.32165732340085
"94";"Ammodytidae";"Coleofasciculaceae";0.0426839245521277;0.691851167321366;0.308148832678634
"95";"Ammodytidae";"Crustomastigaceae";0.0824382567382443;0.677333648677576;0.322666351322424
"96";"Ammodytidae";"Cyaneidae";0.153310778501257;0.65064937619994;0.34935062380006
"97";"Ammodytidae";"Hexamitidae";0.0657468451180046;0.683466588386731;0.316533411613269
"98";"Ammodytidae";"Myctophidae";0.014859105069548;0.70183363232694;0.29816636767306
"99";"Ammodytidae";"Selenastraceae";0.0142295237669881;0.702057859521924;0.297942140478076
"100";"Ammodytidae";"Zosteraceae";0.00200144537637384;0.706398808968286;0.293601191031714
"101";"Amoebophryaceae";"Biddulphiaceae";0.0269396060897346;0.697517166064845;0.302482833935155
"102";"Amoebophryaceae";"Campanulariidae";0.0101410279808112;0.703512250077846;0.296487749922154
"103";"Amoebophryaceae";"Derbesiaceae";0.0619269015208044;0.684862430886377;0.315137569113623
"104";"Amoebophryaceae";"Gelidiaceae";0.0350036581339564;0.694620882880022;0.305379117119978
"105";"Amoebophryaceae";"Lateolabracidae";-0.0276655922215322;0.716821313934488;0.283178686065512
"106";"Amoebophryaceae";"Phyllophoraceae";0.0405412142446784;0.692625001626176;0.307374998373824
"107";"Amphipleuraceae";"Biddulphiaceae";0.0216875019880768;0.699397061050418;0.300602938949582
"108";"Amphipleuraceae";"Cymatosiraceae";0.120468663068165;0.663148300507449;0.336851699492551
"109";"Amphipleuraceae";"Fragilariaceae";0.0460871448930983;0.690620320837326;0.309379679162674
"110";"Amphipleuraceae";"Hemidiscaceae";0.0311738033776415;0.695997915450312;0.304002084549688
"111";"Amphipleuraceae";"Hexamitidae";-0.00931663798172283;0.710393073580297;0.289606926419703
"112";"Amphipleuraceae";"Lithodesmiaceae";0.0457915811375573;0.690727304680524;0.309272695319476
"113";"Amphipleuraceae";"Plagiogrammaceae";0.222214024194366;0.623612850976322;0.376387149023678
"114";"Amphipleuraceae";"Rhizosoleniaceae";0.0122274589979193;0.702770425175278;0.297229574824722
"115";"Amphipleuraceae";"Staurosiraceae";0.0642514381776727;0.684013363108619;0.315986636891381
"116";"Anarhichadidae";"Anomoeoneidaceae";0.0108515893050929;0.703259699789099;0.296740300210901
"117";"Anarhichadidae";"Eunotiaceae";0.0660954586770209;0.683339059809616;0.316660940190384
"118";"Anarhichadidae";"Monodopsidaceae";0.0200832342542514;0.699970272849408;0.300029727150592
"119";"Anarhichadidae";"Nostocaceae";-0.0143413788690882;0.712159174226201;0.287840825773799
"120";"Anarhichadidae";"Palmariaceae";0.0216344267421996;0.699416032579251;0.300583967420749
"121";"Anaulaceae";"Merulinidae";-0.0144776438768099;0.71220700778524;0.28779299221476
"122";"Anaulaceae";"Naviculaceae";0.156645585287534;0.649366774139417;0.350633225860583
"123";"Anaulaceae";"Plagiogrammaceae";0.195255172842131;0.634328316866695;0.365671683133305
"124";"Anaulaceae";"Rhizosoleniaceae";0.0326455824704783;0.695469056655119;0.304530943344881
"125";"Anomoeoneidaceae";"Attheyaceae";0.0609334631214544;0.685224976514482;0.314775023485518
"126";"Anomoeoneidaceae";"Delesseriaceae";0.0378445128925889;0.693597681335301;0.306402318664699
"127";"Anomoeoneidaceae";"Gymnodiniaceae";0.165292079669097;0.646029380264901;0.353970619735099
"128";"Anomoeoneidaceae";"Hymenomonadaceae";0.065166624184918;0.68367879000854;0.31632120999146
"129";"Anoplopomatidae";"Campanulariidae";0.204304547706968;0.630751715135612;0.369248284864388
"130";"Anoplopomatidae";"Ceratiidae";0.0336928887061924;0.695092479924005;0.304907520075995
"131";"Anoplopomatidae";"Chlorocystidaceae";0.00991740212010658;0.703591713239963;0.296408286760037
"132";"Anoplopomatidae";"Closteriaceae";0.0516736901794007;0.688595058732126;0.311404941267874
"133";"Anoplopomatidae";"Koliellaceae";0.0778331269087774;0.679031248578157;0.320968751421843
"134";"Anoplopomatidae";"Liparidae";0.191568565511713;0.635779613737452;0.364220386262548
"135";"Anoplopomatidae";"Loliginidae";0.00873967492858357;0.704010058547254;0.295989941452746
"136";"Anoplopomatidae";"Lysianassidae";0.0132503280957578;0.702406460642356;0.297593539357644
"137";"Anoplopomatidae";"Microstomatidae";0.015993233796078;0.701429528250673;0.298570471749327
"138";"Anoplopomatidae";"Odobenidae";0.0505812407287589;0.688991567173083;0.311008432826917
"139";"Anoplopomatidae";"Saccosporidae";0.0468880933263964;0.690330321901625;0.309669678098375
"140";"Anoplopomatidae";"Wrangeliaceae";0.0545441705533091;0.687552117823329;0.312447882176671
"141";"Aphanizomenonaceae";"Bryopsidaceae";0.112768991634784;0.666044671311623;0.333955328688377
"142";"Aphanizomenonaceae";"Calotrichaceae";0.0196164817540286;0.700136957404039;0.299863042595961
"143";"Aphanizomenonaceae";"Chroococcaceae";0.0221625289664703;0.699227241686681;0.300772758313319
"144";"Aphanizomenonaceae";"Chrysochromulinaceae";-0.0048128510498324;0.708806338519145;0.291193661480855
"145";"Aphanizomenonaceae";"Clupeidae";0.00568976547696687;0.705092275706887;0.294907724293113
"146";"Aphanizomenonaceae";"Haliotidae";-0.00989108081144183;0.710595201507666;0.289404798492334
"147";"Aphanizomenonaceae";"Liagoraceae";0.150275233660939;0.651814684683868;0.348185315316132
"148";"Aphanizomenonaceae";"Limulidae";0.121977796788259;0.662579128561918;0.337420871438082
"149";"Aphanizomenonaceae";"Merismopediaceae";0.0293130070769465;0.696665986295819;0.303334013704181
"150";"Aphanizomenonaceae";"Merulinidae";0.000526978409022216;0.706920441630802;0.293079558369198
"151";"Aphanothecaceae";"Bryopsidaceae";0.0453910338767609;0.690872262478108;0.309127737521892
"152";"Aphanothecaceae";"Calotrichaceae";0.0342190846033102;0.69490320023608;0.30509679976392
"153";"Aphanothecaceae";"Dermocarpellaceae";0.0671749127524627;0.682944026713587;0.317055973286413
"154";"Aphanothecaceae";"Gigartinaceae";0.0294811289198551;0.696605652819493;0.303394347180507
"155";"Aphanothecaceae";"Lingulidae";0.164895153433564;0.646182964247138;0.353817035752862
"156";"Aphanothecaceae";"Mustelidae";0.0140950706621396;0.702105736103139;0.297894263896861
"157";"Aphanothecaceae";"Ostreidae";0.0106777033351471;0.703321511353397;0.296678488646603
"158";"Aphanothecaceae";"Pocilloporidae";0.0869802077050224;0.675655160675539;0.324344839324461
"159";"Aphanothecaceae";"Synechococcaceae";0.0709909145911035;0.681545701112147;0.318454298887853
"160";"Aplysiidae";"Attheyaceae";0.00820707278480254;0.70419916473083;0.29580083526917
"161";"Aplysiidae";"Coscinodiscaceae";0.0841074221059198;0.676717288789817;0.323282711210183
"162";"Aplysiidae";"Fragilariaceae";0.0963543030213432;0.672177691157129;0.327822308842871
"163";"Aplysiidae";"Gomphonemataceae";0.119053799996295;0.663681474806893;0.336318525193107
"164";"Aplysiidae";"Naviculaceae";0.0336571381394035;0.695105338010217;0.304894661989783
"165";"Aplysiidae";"Nephtheidae";0.0158137290986212;0.701493503498564;0.298506496501436
"166";"Aplysiidae";"Oxystominidae";0.0204371045155463;0.699843873833462;0.300156126166538
"167";"Aplysiidae";"Stephanodiscaceae";0.00399798801356607;0.705691863346331;0.294308136653669
"168";"Aplysiidae";"Thalassiosiraceae";0.130604155469538;0.659316253603103;0.340683746396897
"169";"Apogonidae";"Blenniidae";0.0387048582079141;0.693287509548559;0.306712490451441
"170";"Apogonidae";"Chloropicaceae";0.434594690988633;0.531697897781892;0.468302102218108
"171";"Apogonidae";"Echeneidae";0.018410161997344;0.700567569190387;0.299432430809613
"172";"Apogonidae";"Penaeidae";0.00345934478837742;0.705882658524638;0.294117341475362
"173";"Apogonidae";"Salmonidae";0.287740186373535;0.596766207834553;0.403233792165447
"174";"Apusomonadidae";"Codiaceae";-0.0139172035761931;0.712010253990837;0.287989746009163
"175";"Apusomonadidae";"Cynoglossidae";0.116841772270973;0.664514193877387;0.335485806122613
"176";"Apusomonadidae";"Fonticulaceae";0.292851081461685;0.594621273811455;0.405378726188545
"177";"Apusomonadidae";"Gloeobacteraceae";0.120966054045238;0.662960762773621;0.337039237226379
"178";"Arcidae";"Eucalanidae";0.00578355687837959;0.705059019913092;0.294940980086908
"179";"Arcidae";"Gloeomargaritaceae";0.0831330941192492;0.677077139578922;0.322922860421078
"180";"Arcidae";"Oedogoniaceae";0.0691807652272136;0.682209364774769;0.317790635225231
"181";"Arcidae";"Parameciidae";0.0422093206150196;0.692022643915999;0.307977356084001
"182";"Arcidae";"Prasiolaceae";0.112425550919091;0.666173569379974;0.333826430620026
"183";"Areschougiaceae";"Gelidiaceae";0.000874936324909398;0.706797376790226;0.293202623209774
"184";"Areschougiaceae";"Gromiidae";0.00637201936668305;0.704850331855394;0.295149668144606
"185";"Areschougiaceae";"Hapalidiaceae";0.0136448210575827;0.702266038956184;0.297733961043816
"186";"Areschougiaceae";"Myctophidae";0.254829210828372;0.610397734748266;0.389602265251734
"187";"Areschougiaceae";"Parameciidae";0.303710909572248;0.590037748973636;0.409962251026364
"188";"Areschougiaceae";"Phacaceae";0.0612744508405332;0.685100558005709;0.314899441994291
"189";"Areschougiaceae";"Phyllophoraceae";0.0156908198057196;0.701537304850669;0.298462695149331
"190";"Asteriidae";"Chrysolepidomonadaceae";-0.0346722225402324;0.719260808935199;0.280739191064801
"191";"Asteriidae";"Hyalellidae";0.351563843271204;0.569401508923534;0.430598491076466
"192";"Asteriidae";"Koliellaceae";-0.0211812036424625;0.714556227193656;0.285443772806344
"193";"Asteriidae";"Odobenidae";-0.00647631722257569;0.709392809810818;0.290607190189182
"194";"Asteriidae";"Pectinidae";0.00864881095355158;0.704042324383431;0.295957675616569
"195";"Asteriidae";"Vahlkampfiidae";0.0513987314862268;0.688694877472518;0.311305122527482
"196";"Attheyaceae";"Bacillariaceae";0.199546396631267;0.632634809099505;0.367365190900495
"197";"Attheyaceae";"Kryptoperidiniaceae";0.044629143293395;0.691147906278607;0.308852093721393
"198";"Attheyaceae";"Monodopsidaceae";0.125865849970689;0.661110486238613;0.338889513761387
"199";"Attheyaceae";"Phaeocystaceae";0.368090626556607;0.562098467104916;0.437901532895084
"200";"Attheyaceae";"Stephanodiscaceae";0.0614510415965874;0.685036115253573;0.314963884746427
"201";"Attheyaceae";"Terebellidae";0.0725884412621149;0.680959455011047;0.319040544988953
"202";"Attheyaceae";"Ulnariaceae";0.0425137673978954;0.691912650773963;0.308087349226037
"203";"Bacillariaceae";"Cionidae";-0.141119632934979;0.755354100053405;0.244645899946595
"204";"Bacillariaceae";"Eunotiaceae";0.0461850293837467;0.690584886388434;0.309415113611566
"205";"Bacillariaceae";"Gomphonemataceae";0.0546942538927198;0.687497544034624;0.312502455965376
"206";"Bacillariaceae";"Mustelidae";-0.0415318503732926;0.721641133241895;0.278358866758105
"207";"Bacillariaceae";"Naviculaceae";0.14755920728801;0.652855570824049;0.347144429175951
"208";"Bacillariaceae";"Oxystominidae";0.013081646086394;0.702466495255683;0.297533504744317
"209";"Bacillariaceae";"Skeletonemataceae";0.0218711829798982;0.699331401061078;0.300668598938922
"210";"Balaenopteridae";"Clupeidae";0.0371436850695863;0.69385024138153;0.30614975861847
"211";"Balaenopteridae";"Delphinidae";0.572223500042705;0.462480540108065;0.537519459891935
"212";"Balaenopteridae";"Pelagiidae";0.0193609906564141;0.700228180432488;0.299771819567512
"213";"Balaenopteridae";"Phocoenidae";0.163647817134435;0.646665362790356;0.353334637209644
"214";"Balaenopteridae";"Physeteridae";0.136313006586914;0.657148002132353;0.342851997867647
"215";"Balaenopteridae";"Pycnococcaceae";0.100241368404348;0.670730434524799;0.329269565475201
"216";"Balaenopteridae";"Sargassaceae";0.011578748238379;0.703001156386539;0.296998843613461
"217";"Bangiaceae";"Clupeidae";0.0135190064046513;0.70231082634235;0.29768917365765
"218";"Bangiaceae";"Harpacticidae";0.0192014333416749;0.70028514430135;0.29971485569865
"219";"Bangiaceae";"Hydridae";0.000675869106051802;0.706867784983142;0.293132215016858
"220";"Bangiaceae";"Leptolyngbyaceae";0.0542539393210128;0.687657640355645;0.312342359644355
"221";"Bangiaceae";"Mesotaeniaceae";0.0463464820081722;0.690526436131097;0.309473563868903
"222";"Bangiaceae";"Pseudanabaenaceae";0.0322069954713975;0.695626697492485;0.304373302507515
"223";"Bangiaceae";"Zosteraceae";0.0527345342372801;0.688209802953547;0.311790197046453
"224";"Bathycoccaceae";"Chrysolepidomonadaceae";-0.00455720775313306;0.708716165948376;0.291283834051624
"225";"Bathycoccaceae";"Geminigeraceae";0.011078699841507;0.70317896020803;0.29682103979197
"226";"Bathycoccaceae";"Licmophoraceae";0.0217498145155402;0.699374787036414;0.300625212963586
"227";"Bathycoccaceae";"Mamiellaceae";0.0651325763357637;0.683691240131185;0.316308759868815
"228";"Bathycoccaceae";"Palmariaceae";0.11918796910912;0.663630933158966;0.336369066841034
"229";"Bathycoccaceae";"Skeletonemataceae";0.121376567069651;0.662805941784754;0.337194058215246
"230";"Bathycoccaceae";"Sphaerozoidae";0.212671892620311;0.627426532503881;0.372573467496119
"231";"Bathycoccaceae";"Triparmaceae";0.0598984385271163;0.685602494698234;0.314397505301766
"232";"Bathylagidae";"Ceratiidae";0.289976378621353;0.595828675618523;0.404171324381477
"233";"Bathylagidae";"Phyllophoraceae";0.0909506663290078;0.674184445708662;0.325815554291338
"234";"Bathylagidae";"Portunidae";0.288835337103854;0.596307245845691;0.403692754154309
"235";"Bathylagidae";"Prasinococcaceae";0.209579785431253;0.628657384657473;0.371342615342527
"236";"Bathylagidae";"Trebouxiaceae";0.151608727299103;0.651303029587955;0.348696970412045
"237";"Batrachoididae";"Blenniidae";0.0475132253909669;0.690103896021836;0.309896103978164
"238";"Batrachoididae";"Hapalosiphonaceae";0.0171071511529317;0.701032398982767;0.298967601017233
"239";"Batrachoididae";"Lateolabracidae";0.125022362438316;0.66142937550493;0.33857062449507
"240";"Batrachoididae";"Salmonidae";0.189431143387606;0.636619531829017;0.363380468170983
"241";"Batrachoididae";"Sparidae";0.0476123220379708;0.690067995911283;0.309932004088717
"242";"Batrachospermaceae";"Euphausiidae";0.0360340265978359;0.694249945409492;0.305750054590508
"243";"Batrachospermaceae";"Hapalidiaceae";0.0121826211746846;0.702786375374948;0.297213624625052
"244";"Batrachospermaceae";"Harpacticidae";0.156420730310835;0.649453335386448;0.350546664613552
"245";"Berkeleyaceae";"Gecarcinidae";0.400818673781518;0.547348758205626;0.452651241794374
"246";"Berkeleyaceae";"Pteriidae";0.113708531966289;0.665691921249504;0.334308078750496
"247";"Biddulphiaceae";"Cymatosiraceae";0.0237585210095362;0.698656381560515;0.301343618439485
"248";"Biddulphiaceae";"Entomoneidaceae";0.00715286205596197;0.704573324056495;0.295426675943505
"249";"Biddulphiaceae";"Licmophoraceae";0.0174380578030318;0.700914382145554;0.299085617854446
"250";"Biddulphiaceae";"Sphaerozoidae";0.0138179299996782;0.702204411122688;0.297795588877312
"251";"Biddulphiaceae";"Triceratiaceae";0.163864696222547;0.646581512176714;0.353418487823286
"252";"Biddulphiaceae";"Ulnariaceae";0.161807505288779;0.647376434044066;0.352623565955934
"253";"Blenniidae";"Cynoglossidae";0.020997353956455;0.699643711485905;0.300356288514095
"254";"Blenniidae";"Globorotaliidae";-0.0097075700487543;0.710530636232089;0.289469363767911
"255";"Blenniidae";"Hapalosiphonaceae";0.00208183084604957;0.706370359356177;0.293629640643823
"256";"Blenniidae";"Kareniaceae";-0.0464877196653694;0.723355970344259;0.276644029655741
"257";"Blenniidae";"Lateolabracidae";0.137417934078281;0.656727518047523;0.343272481952477
"258";"Blenniidae";"Mustelidae";0.0801093407977502;0.67819269356218;0.32180730643782
"259";"Blenniidae";"Nostocaceae";0.000369670794680393;0.70697607074261;0.29302392925739
"260";"Blenniidae";"Sparidae";0.0234462950285136;0.69876809635654;0.30123190364346
"261";"Blenniidae";"Stephanodiscaceae";-0.0217574636799107;0.714757813416513;0.285242186583487
"262";"Blenniidae";"Styelidae";-0.0170536104379818;0.713110654259906;0.286889345740094
"263";"Blenniidae";"Syngnathidae";0.198706709907762;0.632966543386078;0.367033456613922
"264";"Bolbocoleonaceae";"Crustomastigaceae";0.047246353204518;0.690200567514792;0.309799432485208
"265";"Bolbocoleonaceae";"Gonostomatidae";0.435182358537644;0.53142150947358;0.46857849052642
"266";"Bolbocoleonaceae";"Rhodymeniaceae";0.053627084353968;0.687885497610624;0.312114502389376
"267";"Bonnemaisoniaceae";"Derbesiaceae";0.123093999952311;0.662157836186996;0.337842163813004
"268";"Bonnemaisoniaceae";"Eustigmataceae";0.0287074418554595;0.696883260720381;0.303116739279619
"269";"Bonnemaisoniaceae";"Gonostomatidae";0.00297530391783074;0.706054068780206;0.293945931219794
"270";"Bonnemaisoniaceae";"Parameciidae";0.0654698411083572;0.683567904048911;0.316432095951089
"271";"Bonnemaisoniaceae";"Tetrahymenidae";-0.0157239470051395;0.712644352747266;0.287355647252734
"272";"Bracteacoccaceae";"Geminigeraceae";-0.019258025525908;0.713883052581411;0.286116947418589
"273";"Bracteacoccaceae";"Hyellaceae";0.0435311777446621;0.691544945124805;0.308455054875195
"274";"Bracteacoccaceae";"Loliginidae";0.0959246894711498;0.672337456389591;0.327662543610409
"275";"Bracteacoccaceae";"Microstomatidae";0.056675738433168;0.686776623643682;0.313223376356318
"276";"Bracteacoccaceae";"Oedogoniaceae";0.0138121269970753;0.702206477114433;0.297793522885567
"277";"Bracteacoccaceae";"Pleurastraceae";0.107083287984668;0.668175393147388;0.331824606852612
"278";"Bryopsidaceae";"Ceramiaceae";0.00172471555451423;0.706496739003616;0.293503260996384
"279";"Bryopsidaceae";"Clupeidae";0.121050065527567;0.66292908160392;0.33707091839608
"280";"Bryopsidaceae";"Cyanothecaceae";0.061134170833193;0.685151745661794;0.314848254338206
"281";"Bryopsidaceae";"Euglenaceae";0.174171078398572;0.642584205221941;0.357415794778059
"282";"Bryopsidaceae";"Gloeomargaritaceae";0.500330718977549;0.499834613158418;0.500165386841582
"283";"Bryopsidaceae";"Harpacticidae";0.0596746830503861;0.685684080663105;0.314315919336895
"284";"Bryopsidaceae";"Histionidae";0.0765800448785722;0.679492441135819;0.320507558864181
"285";"Bryopsidaceae";"Oscillatoriaceae";0.0308315276117848;0.69612084884315;0.30387915115685
"286";"Bryopsidaceae";"Ostreobiaceae";0.0110598538090517;0.703185660473444;0.296814339526556
"287";"Bryopsidaceae";"Prasiolaceae";0.110501325782751;0.666895296960943;0.333104703039057
"288";"Calanidae";"Chloropicaceae";0.0684149691667696;0.682489937959978;0.317510062040022
"289";"Calanidae";"Monodontidae";0.0248061556295649;0.698281406157444;0.301718593842556
"290";"Calanidae";"Penaeidae";0.234967180808232;0.618479110072349;0.381520889927651
"291";"Calotrichaceae";"Chlamydomonadaceae";0.00657590624646351;0.704778012481071;0.295221987518929
"292";"Calotrichaceae";"Chloroflexaceae";0.0501358945088583;0.689153141722194;0.310846858277806
"293";"Calotrichaceae";"Cyanothecaceae";0.220353212787633;0.624358385549664;0.375641614450336
"294";"Calotrichaceae";"Gobiidae";0.037348195312095;0.693776550730819;0.306223449269181
"295";"Calotrichaceae";"Merulinidae";0.0223837212411009;0.699148152668266;0.300851847331734
"296";"Calotrichaceae";"Ostreobiaceae";0.0471314575923177;0.690242183008139;0.309757816991861
"297";"Calotrichaceae";"Paulinellidae";0.00944848070300716;0.703758310536008;0.296241689463992
"298";"Calotrichaceae";"Pectinidae";0.0379811983899433;0.693548412733407;0.306451587266593
"299";"Calotrichaceae";"Pocilloporidae";0.0307037594455215;0.696166733101517;0.303833266898483
"300";"Calotrichaceae";"Pseudanabaenaceae";0.0138567149723147;0.702190602695481;0.297809397304519
"301";"Campanulariidae";"Chattonellaceae";0.0800173888945519;0.678226588650669;0.321773411349331
"302";"Campanulariidae";"Chrysochromulinaceae";0.0447874607618822;0.691090637774134;0.308909362225866
"303";"Campanulariidae";"Cottidae";0.0254903065666078;0.698036422199226;0.301963577800774
"304";"Campanulariidae";"Halymeniaceae";0.0189177888447013;0.700386397339104;0.299613602660896
"305";"Campanulariidae";"Heterocapsaceae";0.0150047560005759;0.701781748123811;0.298218251876189
"306";"Campanulariidae";"Pteriidae";0.232659072244503;0.619411385008177;0.380588614991823
"307";"Campanulariidae";"Rotaliidae";0.0299049401768545;0.696453537510991;0.303546462489009
"308";"Campanulariidae";"Terebellidae";0.000368103894678895;0.706976624827625;0.293023375172375
"309";"Campanulariidae";"Thaumatomastigidae";0.0931875147507035;0.673354470264101;0.326645529735899
"310";"Campanulariidae";"Zoarcidae";0.03888968583151;0.693220857363831;0.306779142636169
"311";"Cavenderiaceae";"Hyalellidae";0.0467744495578303;0.690371476251072;0.309628523748928
"312";"Cavenderiaceae";"Prochlorotrichaceae";0.0627464570600742;0.684563197571972;0.315436802428028
"313";"Ceramiaceae";"Prasiolaceae";0.335639093890878;0.576350980787368;0.423649019212632
"314";"Ceramiaceae";"Vahlkampfiidae";0.0234532415007157;0.698765611095482;0.301234388904518
"315";"Ceratiidae";"Chlorocystidaceae";0.0263114171184388;0.697742281534365;0.302257718465635
"316";"Ceratiidae";"Crustomastigaceae";0.236380937254946;0.61790738090148;0.38209261909852
"317";"Ceratiidae";"Gadidae";0.0194629207745149;0.700191787735862;0.299808212264138
"318";"Ceratiidae";"Osmeridae";0.1216386131277;0.662707094753142;0.337292905246858
"319";"Ceratiidae";"Saccosporidae";0.0137408234244314;0.70223186219922;0.29776813780078
"320";"Chaetocerotaceae";"Gasterosteidae";0.0433606137109942;0.69160660287804;0.30839339712196
"321";"Chaetocerotaceae";"Geminigeraceae";0.0272651252088502;0.697400485657685;0.302599514342315
"322";"Chaetocerotaceae";"Rhizosoleniaceae";0.137495643704284;0.656697935239527;0.343302064760473
"323";"Chaetocerotaceae";"Suessiaceae";-0.0202046729745172;0.714214489132822;0.285785510867178
"324";"Chamaesiphonaceae";"Delphinidae";0.068988944533296;0.682279655077998;0.317720344922002
"325";"Chamaesiphonaceae";"Desmidiaceae";0.0104338930044812;0.703408169911154;0.296591830088846
"326";"Chamaesiphonaceae";"Dugesiidae";0.0482227129575361;0.689846826129708;0.310153173870292
"327";"Chamaesiphonaceae";"Leptolyngbyaceae";0.073623466659994;0.680579361037347;0.319420638962653
"328";"Chamaesiphonaceae";"Merulinidae";0.0517206284860908;0.688578017189741;0.311421982810259
"329";"Chamaesiphonaceae";"Pavlovaceae";0.101128109560103;0.670399839811995;0.329600160188005
"330";"Chamaesiphonaceae";"Rajidae";0.00544289379402593;0.705179801967546;0.294820198032454
"331";"Chamaesiphonaceae";"Solieriaceae";0.0744704692747164;0.680268156951832;0.319731843048168
"332";"Characeae";"Dasyaceae";0.0375823076744347;0.693692184014483;0.306307815985517
"333";"Characeae";"Desmidiaceae";0.0159104729111149;0.701459024850663;0.298540975149337
"334";"Characeae";"Gromiidae";0.0198190749770856;0.700064613097575;0.299935386902425
"335";"Characeae";"Halymeniaceae";0.0138097492799013;0.702207323630315;0.297792676369685
"336";"Characeae";"Hapalidiaceae";0.222136461093192;0.623643944453407;0.376356055546593
"337";"Characeae";"Kallymeniaceae";0.0157003654978538;0.701533903137313;0.298466096862687
"338";"Characeae";"Prasinococcaceae";0.0455870551742176;0.690801326296419;0.309198673703581
"339";"Characeae";"Wrangeliaceae";0.0128800766526918;0.702538227909097;0.297461772090903
"340";"Chattonellaceae";"Chrysochromulinaceae";0.074422613257098;0.680285743913138;0.319714256086862
"341";"Chattonellaceae";"Eunotiaceae";0.0140930485721594;0.702106456111835;0.297893543888165
"342";"Chattonellaceae";"Metopidae";0.163495908258808;0.646724087900394;0.353275912099606
"343";"Chattonellaceae";"Monodopsidaceae";0.0228267040340148;0.698989733818024;0.301010266181976
"344";"Chlamydomonadaceae";"Delesseriaceae";0.0222395685752535;0.69919969659059;0.30080030340941
"345";"Chlamydomonadaceae";"Gobiidae";0.0454210308002131;0.690861407664297;0.309138592335703
"346";"Chlamydomonadaceae";"Mamiellaceae";0.239376975588764;0.616694018298879;0.383305981701121
"347";"Chlorellaceae";"Coleofasciculaceae";0.00406859783455493;0.705666848507653;0.294333151492347
"348";"Chlorellaceae";"Cyanophoraceae";0.0275420764751481;0.697301198738699;0.302698801261301
"349";"Chlorellaceae";"Dermocarpellaceae";0.105877594066213;0.668626355273926;0.331373644726074
"350";"Chlorellaceae";"Niphatidae";0.0300546755592159;0.696399786200708;0.303600213799292
"351";"Chlorellaceae";"Noelaerhabdaceae";0.00230594854183513;0.70629103472229;0.29370896527771
"352";"Chlorellaceae";"Paralichthyidae";0.0650936783709145;0.683705463496192;0.316294536503808
"353";"Chlorellaceae";"Porphyridiaceae";0.0102896180085065;0.70345944516777;0.29654055483223
"354";"Chlorellaceae";"Rhodomelaceae";0.0355279946375007;0.694432144043786;0.305567855956214
"355";"Chlorellaceae";"Syngnathidae";0.0542894557013008;0.687644728147718;0.312355271852282
"356";"Chlorobiaceae";"Chloroflexaceae";0.192605556813996;0.635371719226629;0.364628280773371
"357";"Chlorobiaceae";"Diplonemidae";-0.0373851493980698;0.720203148215165;0.279796851784835
"358";"Chlorobiaceae";"Gloeobacteraceae";0.0759961533400361;0.679707233542488;0.320292766457512
"359";"Chlorobiaceae";"Merismopediaceae";0.0175871465231318;0.700861203619115;0.299138796380885
"360";"Chlorobiaceae";"Microcoleaceae";0.0176168611056998;0.700850604228283;0.299149395771717
"361";"Chlorobiaceae";"Oscillatoriaceae";0.0349759589795911;0.694630851971178;0.305369148028822
"362";"Chlorobiaceae";"Pectinidae";0.0106725057702992;0.703323358857681;0.296676641142319
"363";"Chlorobiaceae";"Roseiflexaceae";0.352905056244632;0.568812334498545;0.431187665501455
"364";"Chlorobiaceae";"Synechococcaceae";0.0566137049805426;0.686799204651351;0.313200795348649
"365";"Chlorocystidaceae";"Cottidae";0.00256748358190001;0.706198455258187;0.293801544741813
"366";"Chlorocystidaceae";"Derbesiaceae";0.225575508945638;0.622263807020126;0.377736192979874
"367";"Chlorocystidaceae";"Liparidae";0.00110341434107536;0.706716557630754;0.293283442369246
"368";"Chlorocystidaceae";"Salpidae";0.661631776608011;0.411319962676254;0.588680037323746
"369";"Chloroflexaceae";"Cyanidiaceae";0.0991327014799936;0.671143538492328;0.328856461507672
"370";"Chloroflexaceae";"Halimedaceae";0.0850993746103788;0.676350732013214;0.323649267986786
"371";"Chloroflexaceae";"Heliobacteriaceae";0.219470499249263;0.624711733822383;0.375288266177617
"372";"Chloroflexaceae";"Rivulariaceae";0.100459341815478;0.670649184814431;0.329350815185569
"373";"Chloroflexaceae";"Tetrahymenidae";0.059657774246348;0.685690245575089;0.314309754424911
"374";"Chloropicaceae";"Echeneidae";0.159545576825211;0.648249343684507;0.351750656315493
"375";"Chloropicaceae";"Tetragonicipitidae";0.187624691639147;0.637328529237807;0.362671470762193
"376";"Chromulinaceae";"Euphausiidae";0.293487821913055;0.59435350511583;0.40564649488417
"377";"Chromulinaceae";"Euplotidae";0.096120386089488;0.672264685191224;0.327735314808776
"378";"Chromulinaceae";"Gelidiaceae";0.00368376203396126;0.705803172976021;0.294196827023979
"379";"Chromulinaceae";"Licmophoraceae";0.00454560368475174;0.705497837103434;0.294502162896566
"380";"Chroococcaceae";"Cyanothecaceae";0.131358482533184;0.659030165268182;0.340969834731818
"381";"Chroococcaceae";"Harpacticidae";0.0850086539726354;0.676384264315546;0.323615735684454
"382";"Chroococcaceae";"Klebsormidiaceae";0.0306046657886517;0.696202317653191;0.303797682346809
"383";"Chroococcaceae";"Microcoleaceae";0.0567830297004963;0.686737566432587;0.313262433567413
"384";"Chroococcaceae";"Oscillatoriaceae";0.12043507152078;0.663160964049913;0.336839035950087
"385";"Chroococcaceae";"Ostreidae";0.0204181783987213;0.699850634636162;0.300149365363838
"386";"Chroococcaceae";"Pectinidae";0.0106523565351055;0.70333052097321;0.29666947902679
"387";"Chroococcaceae";"Prasiolaceae";0.000272362775603996;0.70701047984609;0.29298952015391
"388";"Chroococcidiopsidaceae";"Gigartinaceae";0.104376233388074;0.669187479938143;0.330812520061857
"389";"Chroococcidiopsidaceae";"Gloeomargaritaceae";0.13262131333644;0.658550942093153;0.341449057906847
"390";"Chroococcidiopsidaceae";"Nephroselmidaceae";0.115617252801299;0.66497471651135;0.33502528348865
"391";"Chroococcidiopsidaceae";"Phocidae";0.193278331724654;0.635106947007882;0.364893052992118
"392";"Chroococcidiopsidaceae";"Sargassaceae";0.056955187998906;0.686674891051469;0.313325108948531
"393";"Chroomonadaceae";"Cyanidiaceae";0.0614358796116767;0.68504164851063;0.31495835148937
"394";"Chroomonadaceae";"Delesseriaceae";0.148373036853997;0.65254385413779;0.34745614586221
"395";"Chroomonadaceae";"Gomontiellaceae";0.0315421281279371;0.695865601920393;0.304134398079607
"396";"Chroomonadaceae";"Halimedaceae";0.0485782333375489;0.689717973762628;0.310282026237372
"397";"Chroomonadaceae";"Heliobacteriaceae";0.0203484698509434;0.699875535416497;0.300124464583503
"398";"Chroomonadaceae";"Hymenomonadaceae";0.090256062404998;0.674441968443172;0.325558031556828
"399";"Chroomonadaceae";"Priapulidae";0.400169552946629;0.547645162059052;0.452354837940948
"400";"Chrysochromulinaceae";"Gonostomatidae";0.0326163881578135;0.695479551044524;0.304520448955476
"401";"Chrysochromulinaceae";"Heterocapsaceae";0.0827197571398541;0.677229740509137;0.322770259490863
"402";"Chrysochromulinaceae";"Mallomonadaceae";0.0430667741209393;0.691712811027474;0.308287188972526
"403";"Chrysochromulinaceae";"Rotaliidae";0.033619710425284;0.695118799046147;0.304881200953853
"404";"Chrysochromulinaceae";"Salpingoecidae";-0.00526366470580544;0.708965325211962;0.291034674788038
"405";"Chrysolepidomonadaceae";"Haliotidae";0.102761302227793;0.669790526124477;0.330209473875523
"406";"Chrysolepidomonadaceae";"Odobenidae";0.117299007293967;0.664342153075519;0.335657846924481
"407";"Chrysolepidomonadaceae";"Ostreidae";-0.0156775557395368;0.71262807822157;0.28737192177843
"408";"Chrysolepidomonadaceae";"Saccosporidae";0.172782748195525;0.643124113917553;0.356875886082447
"409";"Cionidae";"Echeneidae";0.055316553282854;0.687271215284456;0.312728784715544
"410";"Cionidae";"Penaeidae";0.0781802353902546;0.678903441076029;0.321096558923971
"411";"Cionidae";"Suessiaceae";-0.011436512268123;0.711138703864486;0.288861296135514
"412";"Cirratulidae";"Gecarcinidae";0.0353281797526344;0.6945040749511;0.3054959250489
"413";"Cirratulidae";"Hemiselmidaceae";0.000691936794305487;0.706862102253931;0.293137897746069
"414";"Cirratulidae";"Heterocapsaceae";0.118804850561277;0.663775244129639;0.336224755870361
"415";"Cirratulidae";"Monodopsidaceae";0.0594679365147497;0.685759456181703;0.314240543818297
"416";"Cirratulidae";"Pectinidae";-0.0695483696997343;0.731282561565546;0.268717438434454
"417";"Cirratulidae";"Pfiesteriaceae";0.0655574798950126;0.683535851329317;0.316464148670683
"418";"Cirratulidae";"Spyridiaceae";0.104400668071419;0.669178351386452;0.330821648613548
"419";"Closteriaceae";"Gromiidae";0.169326667612766;0.644466187005662;0.355533812994338
"420";"Closteriaceae";"Lysianassidae";0.211020196392481;0.62808431106322;0.37191568893678
"421";"Clupeidae";"Edwardsiidae";0.0784037653639793;0.678821123211417;0.321178876788583
"422";"Clupeidae";"Eucalanidae";0.0397139720051965;0.692923526803212;0.307076473196788
"423";"Clupeidae";"Haematococcaceae";0.0308842770896106;0.696101904504789;0.303898095495211
"424";"Clupeidae";"Phocoenidae";0.132691137672618;0.658524434750671;0.341475565249329
"425";"Clupeidae";"Physeteridae";0.0194414533482905;0.700199452531816;0.299800547468184
"426";"Clupeidae";"Synechococcaceae";0.0812264356086801;0.677780777387246;0.322219222612754
"427";"Codiaceae";"Edwardsiidae";-0.0137222319576003;0.711941792549644;0.288058207450356
"428";"Codiaceae";"Monodopsidaceae";0.0376337044481358;0.693673660863617;0.306326339136383
"429";"Codiaceae";"Pinguiochrysidaceae";0.0161636665466384;0.701368780832652;0.298631219167348
"430";"Codiaceae";"Roseiflexaceae";-0.0126964291980205;0.711581488375724;0.288418511624276
"431";"Codiaceae";"Ulnariaceae";0.0836298547141838;0.676893693753242;0.323106306246758
"432";"Coleofasciculaceae";"Corallinaceae";0.0116075169620574;0.702990925630603;0.297009074369397
"433";"Coleofasciculaceae";"Cyaneidae";0.146857159526607;0.653124352812461;0.346875647187539
"434";"Coleofasciculaceae";"Gloeobacteraceae";0.0608302093503965;0.685262646964506;0.314737353035494
"435";"Coleofasciculaceae";"Limulidae";0.0149695423183306;0.701794292396878;0.298205707603122
"436";"Coleofasciculaceae";"Oltmannsiellopsidaceae";0.0821899677439643;0.677425284535511;0.322574715464489
"437";"Coleofasciculaceae";"Petromyzontidae";0.0310427301211403;0.696044994910121;0.303955005089879
"438";"Coleofasciculaceae";"Pleuronectidae";0.0232306475070835;0.698845244847855;0.301154755152145
"439";"Coleofasciculaceae";"Roseiflexaceae";0.0105699792363264;0.703359801511173;0.296640198488827
"440";"Coleofasciculaceae";"Sargassaceae";0.0192407974615521;0.700271091270534;0.299728908729466
"441";"Coleofasciculaceae";"Sebastidae";0.015982302886427;0.701433424179933;0.298566575820067
"442";"Coleofasciculaceae";"Selenastraceae";0.136526964984192;0.657066600511626;0.342933399488374
"443";"Coleofasciculaceae";"Synechococcaceae";0.0336889462909314;0.695093897868867;0.304906102131133
"444";"Collosphaeridae";"Globorotaliidae";0.02302280996057;0.698919591240448;0.301080408759552
"445";"Collosphaeridae";"Nephtheidae";0.0451864865392053;0.690946276298235;0.309053723701765
"446";"Collosphaeridae";"Oxystominidae";0.0106565363364237;0.703329035254331;0.296670964745669
"447";"Collosphaeridae";"Sphaerozoidae";0.160656955662682;0.64782059412206;0.35217940587794
"448";"Collosphaeridae";"Sticholonchidae";0.110994213291741;0.666710501907784;0.333289498092216
"449";"Corallinaceae";"Hypotrichomonadidae";0.431959888969255;0.532935320198776;0.467064679801224
"450";"Corallinaceae";"Kallymeniaceae";0.0984970441884527;0.671380278162662;0.328619721837338
"451";"Corallinaceae";"Limulidae";0.00579834854258623;0.705053775061666;0.294946224938334
"452";"Corallinaceae";"Mesotaeniaceae";0.000814761905610806;0.706818660652925;0.293181339347075
"453";"Corallinaceae";"Myxinidae";0.0401162624285804;0.692778369167016;0.307221630832984
"454";"Corallinaceae";"Oocystaceae";0.140928982469607;0.655389585487286;0.344610414512714
"455";"Corallinaceae";"Phacaceae";0.0878606777973612;0.675329298269607;0.324670701730393
"456";"Corallinaceae";"Porphyridiaceae";0.178534079695767;0.640884513896315;0.359115486103685
"457";"Corallinaceae";"Protoperidiniaceae";0.0569826638468447;0.686664887755722;0.313335112244278
"458";"Coscinodiscaceae";"Fragilariaceae";0.144318556301383;0.654095346145582;0.345904653854418
"459";"Coscinodiscaceae";"Naviculaceae";0.0439763084405307;0.691384007465992;0.308615992534008
"460";"Coscinodiscaceae";"Rhizosoleniaceae";0.266923479093728;0.605424033593923;0.394575966406077
"461";"Coscinodiscaceae";"Triceratiaceae";0.131128046750397;0.659117574204179;0.340882425795821
"462";"Cottidae";"Gecarcinidae";0.257932748345762;0.609125295671686;0.390874704328314
"463";"Cottidae";"Hildenbrandiaceae";0.0932085798305861;0.673346649271166;0.326653350728834
"464";"Cottidae";"Liparidae";0.00968307858473311;0.703674968083726;0.296325031916274
"465";"Cottidae";"Pteriidae";0.0260545862947114;0.697834297561136;0.302165702438864
"466";"Cottidae";"Zygnemataceae";0.105827955241978;0.668644915017688;0.331355084982312
"467";"Crustomastigaceae";"Cyaneidae";0.0359397547206589;0.694283891963274;0.305716108036726
"468";"Crustomastigaceae";"Hexamitidae";0.0460496607403181;0.690633889720046;0.309366110279954
"469";"Crustomastigaceae";"Osmeridae";0.0151370183277304;0.701734629925113;0.298265370074887
"470";"Cyaneidae";"Pelagiidae";0.0848249617092452;0.676452155843543;0.323547844156457
"471";"Cyaneidae";"Ulmaridae";0.0129615840458603;0.702509222698941;0.297490777301059
"472";"Cyaneidae";"Vahlkampfiidae";-0.00537054070542953;0.709003011525843;0.290996988474157
"473";"Cyaneidae";"Zosteraceae";0.0100611544621871;0.703540633346011;0.296459366653989
"474";"Cyanidiaceae";"Daphniidae";0.0305497397122844;0.696222040834573;0.303777959165427
"475";"Cyanidiaceae";"Gobiidae";0.0864018754587145;0.67586911622787;0.32413088377213
"476";"Cyanidiaceae";"Polyphysaceae";0.0378000515060363;0.693613706790013;0.306386293209987
"477";"Cyanophoraceae";"Cyclopteridae";0.0688582934336235;0.682327526400033;0.317672473599967
"478";"Cyanophoraceae";"Cyprinidae";0.0282253010563166;0.697056202520171;0.302943797479829
"479";"Cyanophoraceae";"Nephroselmidaceae";0.144916505807649;0.653866765554096;0.346133234445904
"480";"Cyanophoraceae";"Pocilloporidae";0.0144504844858211;0.701979171882677;0.298020828117323
"481";"Cyanophoraceae";"Rhodomelaceae";0.258407348651821;0.608930476880645;0.391069523119355
"482";"Cyanophoraceae";"Scytonemataceae";0.0578364865790294;0.686353958763614;0.313646041236386
"483";"Cyanothecaceae";"Gloeomargaritaceae";0.106547772370431;0.668375728026373;0.331624271973627
"484";"Cyanothecaceae";"Histionidae";0.0611844928869106;0.685133383770303;0.314866616229697
"485";"Cyanothecaceae";"Ostreobiaceae";0.0255832292014589;0.69800314139642;0.30199685860358
"486";"Cyanothecaceae";"Paralichthyidae";0.0847883686026893;0.676465679616235;0.323534320383765
"487";"Cyanothecaceae";"Pectinidae";0.0241788712254186;0.698505951576141;0.301494048423859
"488";"Cyclopteridae";"Odobenidae";0.0821094530206317;0.677454997390738;0.322545002609262
"489";"Cyclopteridae";"Temoridae";0.0165043166164791;0.70124734701228;0.29875265298772
"490";"Cymatosiraceae";"Entomoneidaceae";0.18480070082849;0.638435313548487;0.361564686451513
"491";"Cymatosiraceae";"Lithodesmiaceae";0.0451562340136651;0.690957222259937;0.309042777740063
"492";"Cymatosiraceae";"Triceratiaceae";0.230058760806237;0.620460006444317;0.379539993555683
"493";"Cynoglossidae";"Fonticulaceae";0.109396225923785;0.667309438744956;0.332690561255044
"494";"Cynoglossidae";"Gomontiellaceae";0.0588484479227799;0.685985259344988;0.314014740655012
"495";"Cynoglossidae";"Octopodidae";0.00826335379922397;0.704179183944249;0.295820816055751
"496";"Cynoglossidae";"Solieriaceae";0.198615413168582;0.633002601428864;0.366997398571136
"497";"Cyprinidae";"Gloeobacteraceae";0.0557610010910576;0.687109525079133;0.312890474920867
"498";"Cyprinidae";"Hydridae";0.129479210715193;0.659742673049427;0.340257326950573
"499";"Cyprinidae";"Licmophoraceae";-0.00175329546097389;0.707726393269664;0.292273606730336
"500";"Cyprinidae";"Perkinsidae";0.0121256294053184;0.702806648586466;0.297193351413534
"501";"Cyprinidae";"Strongylocentrotidae";0.0271509168055815;0.697441425208748;0.302558574791252
"502";"Daphniidae";"Gobiidae";0.0379461124702156;0.693561059867761;0.306438940132239
"503";"Daphniidae";"Heliobacteriaceae";0.00745266598341476;0.704466938193903;0.295533061806097
"504";"Daphniidae";"Hyalellidae";0.112366882822711;0.666195585836955;0.333804414163045
"505";"Daphniidae";"Selenastraceae";0.000735613226304638;0.706846654789317;0.293153345210683
"506";"Daphniidae";"Trebouxiaceae";-0.0014624866643114;0.707623659392587;0.292376340607413
"507";"Dasyaceae";"Haematococcaceae";0.196339054252214;0.633900996113662;0.366099003886338
"508";"Dasyaceae";"Histionidae";0.00221155444839197;0.706324445829113;0.293675554170887
"509";"Dasyaceae";"Kareniaceae";0.0143816801682929;0.702003675144122;0.297996324855878
"510";"Dasyaceae";"Liparidae";0.00323425327224153;0.70596237390096;0.29403762609904
"511";"Dasyaceae";"Physeteridae";0.00431430056450405;0.705579796846358;0.294420203153642
"512";"Delesseriaceae";"Gobiidae";0.184892325458028;0.638399433952589;0.361600566047411
"513";"Delesseriaceae";"Gomontiellaceae";0.152448197927504;0.650980722476671;0.349019277523329
"514";"Delesseriaceae";"Halimedaceae";0.318305520823607;0.583821239411685;0.416178760588315
"515";"Delesseriaceae";"Heliobacteriaceae";0.239924294859955;0.616472102020864;0.383527897979136
"516";"Delesseriaceae";"Hymenomonadaceae";0.102094478244364;0.670039372632548;0.329960627367452
"517";"Delesseriaceae";"Lottiidae";0.00184087177189071;0.706455634922714;0.293544365077286
"518";"Delesseriaceae";"Phaeodactylaceae";0.0258644873744912;0.697902397411525;0.302097602588475
"519";"Delphinidae";"Kallymeniaceae";0.00931836298281288;0.703804531463526;0.296195468536474
"520";"Delphinidae";"Monodontidae";0.138000922399605;0.656505551233344;0.343494448766656
"521";"Delphinidae";"Mytilidae";0.213714676143232;0.627010894585081;0.372989105414919
"522";"Delphinidae";"Physeteridae";0.0400279893329738;0.692810223173354;0.307189776826646
"523";"Derbesiaceae";"Eustigmataceae";0.149603762655199;0.652072172901436;0.347927827098564
"524";"Derbesiaceae";"Loliginidae";0.0475044470988757;0.690107076076287;0.309892923923713
"525";"Derbesiaceae";"Ostreidae";-0.0217955440641242;0.714771132623627;0.285228867376373
"526";"Derbesiaceae";"Pinguiochrysidaceae";0.00305179880575956;0.706026982910087;0.293973017089913
"527";"Derbesiaceae";"Rotaliidae";0.0251348954051275;0.698163700214668;0.301836299785332
"528";"Derbesiaceae";"Wrangeliaceae";0.0506272185189988;0.688974883969293;0.311025116030707
"529";"Dermocarpellaceae";"Desmidiaceae";0.0813918904002192;0.677719746502852;0.322280253497148
"530";"Dermocarpellaceae";"Gracilariaceae";0.241691097521483;0.615755187748555;0.384244812251445
"531";"Dermocarpellaceae";"Liagoraceae";0.172179739930335;0.643358477083214;0.356641522916786
"532";"Dermocarpellaceae";"Phaeodactylaceae";0.0497440971864156;0.689295257061002;0.310704742938998
"533";"Dermocarpellaceae";"Temoridae";0.0213290757528021;0.699525169042257;0.300474830957743
"534";"Desmidiaceae";"Merulinidae";0.0545882790779557;0.687536079388582;0.312463920611418
"535";"Desmidiaceae";"Provannidae";0.234027595270245;0.618858790326903;0.381141209673097
"536";"Dictyotaceae";"Hymenomonadaceae";0.193453349308376;0.635038050313375;0.364961949686625
"537";"Dictyotaceae";"Jakobidae";0.0231164354415763;0.69888610107743;0.30111389892257
"538";"Dictyotaceae";"Porphyridiaceae";0.0386169837632493;0.693319196415601;0.306680803584399
"539";"Dictyotaceae";"Pyramimonadaceae";0.0649807716664497;0.683746747097765;0.316253252902235
"540";"Dictyotaceae";"Styelidae";-0.0302599924414917;0.71772557166423;0.28227442833577
"541";"Diplonemidae";"Scytosiphonaceae";0.0579215921246486;0.686322958917794;0.313677041082206
"542";"Diplonemidae";"Sphaerozoidae";0.0892691696245612;0.674807687558255;0.325192312441745
"543";"Dugesiidae";"Hapalidiaceae";0.0557926491134129;0.687098010070829;0.312901989929171
"544";"Dugesiidae";"Kallymeniaceae";0.0204849572038765;0.699826779566245;0.300173220433755
"545";"Dugesiidae";"Mesotaeniaceae";0.00604681859153874;0.704965666330092;0.295034333669908
"546";"Dugesiidae";"Oikopleuridae";0.0353089697407512;0.694510989927175;0.305489010072825
"547";"Dugesiidae";"Prasinococcaceae";0.0754785314659958;0.679897591014266;0.320102408985734
"548";"Dunaliellaceae";"Eirenidae";0.0298672984687275;0.696467049303581;0.303532950696419
"549";"Dunaliellaceae";"Eustigmataceae";0.0316671396048589;0.695820688250623;0.304179311749377
"550";"Dunaliellaceae";"Myctophidae";0.0103416874194177;0.703440940157943;0.296559059842057
"551";"Dunaliellaceae";"Petromyzontidae";-0.00618281788693728;0.709289368976773;0.290710631023227
"552";"Dunaliellaceae";"Spyridiaceae";0.100214112893953;0.670740593339201;0.329259406660799
"553";"Dunaliellaceae";"Temoridae";0.0603103726502301;0.685452269435943;0.314547730564057
"554";"Echeneidae";"Monodontidae";0.0601057510484705;0.685526895515971;0.314473104484029
"555";"Echeneidae";"Tetragonicipitidae";0.112593596679753;0.666110502589566;0.333889497410434
"556";"Ectocarpaceae";"Palmariaceae";0.0198090050245955;0.700068209168008;0.299931790831992
"557";"Ectocarpaceae";"Scytosiphonaceae";0.645331322292786;0.421110839154737;0.578889160845263
"558";"Edwardsiidae";"Merismopediaceae";0.00172756705399582;0.706495729975066;0.293504270024934
"559";"Edwardsiidae";"Myxinidae";0.0270111790003982;0.697491512851448;0.302508487148552
"560";"Edwardsiidae";"Pseudanabaenaceae";0.0091476491533706;0.703865168497003;0.296134831502997
"561";"Edwardsiidae";"Rivulariaceae";-0.0192764500236229;0.713889504763735;0.286110495236265
"562";"Eirenidae";"Gelidiaceae";0.0018217119973972;0.70646241513707;0.29353758486293
"563";"Eirenidae";"Rhodomelaceae";0.0275881967699901;0.697284663258131;0.302715336741869
"564";"Eirenidae";"Spyridiaceae";0.231233737219942;0.619986396133035;0.380013603866965
"565";"Eirenidae";"Temoridae";0.120038371890863;0.663310495962915;0.336689504037085
"566";"Eirenidae";"Ulvaceae";0.110050140134127;0.667064412131944;0.332935587868056
"567";"Entomoneidaceae";"Geminigeraceae";0.0119199450255326;0.702879810129181;0.297120189870819
"568";"Entomoneidaceae";"Hemidiscaceae";0.230026279463218;0.620473093911727;0.379526906088273
"569";"Entomoneidaceae";"Laminariaceae";0.0233401976435532;0.698806054050924;0.301193945949076
"570";"Entomoneidaceae";"Skeletonemataceae";0.0396970423173163;0.692929634841332;0.307070365158668
"571";"Entomoneidaceae";"Staurosiraceae";0.0444546827777653;0.691211008745605;0.308788991254395
"572";"Entomoneidaceae";"Stephanodiscaceae";0.0220082454167048;0.699282401674494;0.300717598325506
"573";"Eucalanidae";"Metridinidae";0.191615804016585;0.63576103843481;0.36423896156519
"574";"Eucalanidae";"Oedogoniaceae";0.0038100683895349;0.705758433038694;0.294241566961306
"575";"Eucalanidae";"Pelagiidae";0.24063169657885;0.616185160248585;0.383814839751415
"576";"Eucalanidae";"Sargassaceae";0.00949210627500591;0.703742813009481;0.296257186990519
"577";"Eucalanidae";"Scenedesmaceae";0.0255698487230655;0.698007933793354;0.301992066206646
"578";"Euglenaceae";"Haematococcaceae";0.0359612502951398;0.694276151723815;0.305723848276185
"579";"Euglenaceae";"Histionidae";0.0317040604795872;0.69580742289818;0.30419257710182
"580";"Euglenaceae";"Hydrodictyaceae";0.222939385494429;0.623321993236871;0.376678006763129
"581";"Euglenaceae";"Oxytrichidae";0.0270629583342875;0.697472953477664;0.302527046522336
"582";"Euglenaceae";"Prochloraceae";0.0593477342407394;0.685803275640785;0.314196724359215
"583";"Eunotiaceae";"Gomphonemataceae";0.0445044429204638;0.691193011061142;0.308806988938858
"584";"Eunotiaceae";"Stephanodiscaceae";0.10555608721116;0.668746556173877;0.331253443826123
"585";"Euphausiidae";"Gelidiaceae";0.0547222155686763;0.687487376040944;0.312512623959056
"586";"Euphausiidae";"Harpacticidae";0.200079133583556;0.632424250964669;0.367575749035331
"587";"Euphausiidae";"Merulinidae";0.035826696865476;0.694324601009688;0.305675398990312
"588";"Euphausiidae";"Ostreobiaceae";0.127444894204883;0.660513098202873;0.339486901797127
"589";"Euphausiidae";"Prasiolaceae";0.313295669028874;0.585962597343519;0.414037402656481
"590";"Euphausiidae";"Rhodogorgonaceae";0.0757099339324374;0.679812498438931;0.320187501561069
"591";"Euplotidae";"Histionidae";0.0368610366297167;0.693952074487238;0.306047925512762
"592";"Euplotidae";"Palmariaceae";0.0131370129837882;0.702446790517336;0.297553209482664
"593";"Euplotidae";"Prasiolaceae";0.086661954265949;0.675772907763418;0.324227092236582
"594";"Eustigmataceae";"Oocystaceae";0.16421832297045;0.646444768340478;0.353555231659522
"595";"Eustigmataceae";"Polynoidae";0.0370871584744324;0.693870608083945;0.306129391916055
"596";"Eustigmataceae";"Syngnathidae";-0.0550502567617958;0.72630925120151;0.27369074879849
"597";"Eustigmataceae";"Trebouxiaceae";0.0119667559894665;0.702863160227698;0.297136839772302
"598";"Eustigmataceae";"Zygnemataceae";0.000763381906095872;0.70683683339718;0.29316316660282
"599";"Fonticulaceae";"Mallomonadaceae";0.0788077390428959;0.678672329241846;0.321327670758154
"600";"Fonticulaceae";"Octopodidae";0.0504836341497384;0.689026982726461;0.310973017273539
"601";"Fonticulaceae";"Triparmaceae";0.385396430452918;0.554348071858774;0.445651928141226
"602";"Fragilariaceae";"Kryptoperidiniaceae";0.0540172762785742;0.687743674533407;0.312256325466593
"603";"Fragilariaceae";"Mamiellaceae";0.0405082293196948;0.692636907289925;0.307363092710075
"604";"Fragilariaceae";"Naviculaceae";0.145819513503153;0.653521417589679;0.346478582410321
"605";"Fucaceae";"Laminariaceae";0.06006427443823;0.685542021163462;0.314457978836538
"606";"Fucaceae";"Leptocylindraceae";0.107795075030982;0.667909022610497;0.332090977389503
"607";"Fucaceae";"Pinguiochrysidaceae";0.0484269022063324;0.689772824121706;0.310227175878294
"608";"Fucaceae";"Pteriidae";0.00814690414762723;0.704220525067387;0.295779474932613
"609";"Fucaceae";"Rotaliidae";0.129090013075429;0.65989013741856;0.34010986258144
"610";"Gadidae";"Lateolabracidae";-0.217595317420909;0.780254867790297;0.219745132209703
"611";"Gadidae";"Lysianassidae";0.0953107476002389;0.67256570400213;0.32743429599787
"612";"Gadidae";"Microstomatidae";0.0082321833577598;0.704190250089505;0.295809749910495
"613";"Gadidae";"Mustelidae";-0.0177351224786395;0.713349536510202;0.286650463489798
"614";"Gadidae";"Polynoidae";0.0268348861904549;0.697554698145438;0.302445301854562
"615";"Gadidae";"Pyuridae";0.0694167412366682;0.682122884370306;0.317877115629694
"616";"Gadidae";"Salmonidae";-0.0204443672611914;0.714298385571881;0.285701614428119
"617";"Gadidae";"Strongylocentrotidae";0.0973975742281414;0.671789559970925;0.328210440029075
"618";"Gadidae";"Suessiaceae";0.00355040601765111;0.705850406949783;0.294149593050217
"619";"Gasterosteidae";"Hildenbrandiaceae";-0.0494545951278099;0.724380630306958;0.275619369693042
"620";"Gasterosteidae";"Lateolabracidae";0.0709959132078009;0.681543867550798;0.318456132449202
"621";"Gasterosteidae";"Leptocylindraceae";-0.0153508005336801;0.712513438657012;0.287486561342988
"622";"Gasterosteidae";"Oxytrichidae";-0.0182860169988579;0.713542576514835;0.286457423485165
"623";"Gasterosteidae";"Roseiflexaceae";0.0781193612651128;0.678925857047324;0.321074142952676
"624";"Gecarcinidae";"Hymenomonadaceae";0.224107681047284;0.622853240720764;0.377146759279236
"625";"Gecarcinidae";"Parastacidae";0.111430201774085;0.666546996927417;0.333453003072583
"626";"Gecarcinidae";"Polyphysaceae";0.282294700602063;0.599043111719823;0.400956888280177
"627";"Gecarcinidae";"Prasinococcaceae";0.0247351428142523;0.698306829834045;0.301693170165955
"628";"Gelidiaceae";"Halymeniaceae";0.149694038310555;0.652037560915568;0.347962439084432
"629";"Gelidiaceae";"Hypneaceae";0.0978226794221215;0.671631342545104;0.328368657454896
"630";"Gelidiaceae";"Protoperidiniaceae";0.114963380226872;0.665220497193648;0.334779502806352
"631";"Geminigeraceae";"Hypneaceae";0.0589885861314227;0.685934185570517;0.314065814429483
"632";"Geminigeraceae";"Sphaerozoidae";0.0617391478878713;0.68493096444537;0.31506903555463
"633";"Geminigeraceae";"Suessiaceae";-0.00442485430457956;0.708669476661927;0.291330523338073
"634";"Gigartinaceae";"Mesotaeniaceae";0.0743577815958499;0.680309568653914;0.319690431346086
"635";"Gigartinaceae";"Nephroselmidaceae";0.158866427363581;0.648511207550193;0.351488792449807
"636";"Gigartinaceae";"Oedogoniaceae";0.0731939932377053;0.680737102985541;0.319262897014459
"637";"Gigartinaceae";"Phocidae";0.0420906380250594;0.692065517843123;0.307934482156877
"638";"Gigartinaceae";"Physeteridae";0.0298430949464805;0.696475737213264;0.303524262786736
"639";"Gigartinaceae";"Scenedesmaceae";0.307257298021701;0.588533219953767;0.411466780046233
"640";"Globorotaliidae";"Pinguiochrysidaceae";0.0757933241156341;0.679781831135683;0.320218168864317
"641";"Globorotaliidae";"Pycnococcaceae";0.0113394392251545;0.703086253874603;0.296913746125397
"642";"Globorotaliidae";"Toxariaceae";0.0371599494665117;0.693844381159597;0.306155618840403
"643";"Gloeobacteraceae";"Leptolyngbyaceae";0.197030639480376;0.633628187709332;0.366371812290668
"644";"Gloeobacteraceae";"Pleuronectidae";0.148459496068611;0.652510729387414;0.347489270612586
"645";"Gloeobacteraceae";"Roseiflexaceae";0.0118342483499045;0.702910290026436;0.297089709973564
"646";"Gloeomargaritaceae";"Leptolyngbyaceae";0.0463877062293361;0.69051151104477;0.30948848895523
"647";"Gloeomargaritaceae";"Merismopediaceae";0.0405094247069059;0.692636475827361;0.307363524172639
"648";"Gloeomargaritaceae";"Phocoenidae";0.0436044973601659;0.691518438886424;0.308481561113576
"649";"Gloeomargaritaceae";"Prasiolaceae";0.00198454207916365;0.706404791150526;0.293595208849474
"650";"Gloeomargaritaceae";"Prochloraceae";0.00264473096354959;0.706171108526981;0.293828891473019
"651";"Gloeomargaritaceae";"Pseudanabaenaceae";0.180695175472244;0.640040945771345;0.359959054228655
"652";"Gloeomargaritaceae";"Syngnathidae";0.0200828378033114;0.699970414445028;0.300029585554972
"653";"Gobiidae";"Halimedaceae";0.0570459843188632;0.686641833739081;0.313358166260919
"654";"Gobiidae";"Parameciidae";0.00281076565921665;0.706112326170838;0.293887673829162
"655";"Gobiidae";"Prochloraceae";0.00143357372051492;0.706599754556809;0.293400245443191
"656";"Gomontiellaceae";"Hymenomonadaceae";0.0285144973211506;0.696952474232946;0.303047525767054
"657";"Gomontiellaceae";"Lottiidae";0.171263091299762;0.643714575219576;0.356285424780424
"658";"Gomontiellaceae";"Priapulidae";0.181695338790627;0.639650162670726;0.360349837329274
"659";"Gomontiellaceae";"Rivulariaceae";0.0155319849086978;0.70159390500891;0.29840609499109
"660";"Gomphonemataceae";"Naviculaceae";0.00311258416040752;0.706005458845607;0.293994541154393
"661";"Gomphonemataceae";"Oxystominidae";0.0334753899066389;0.69517070209171;0.30482929790829
"662";"Gomphonemataceae";"Phaeocystaceae";0.100923743340875;0.670476046052029;0.329523953947971
"663";"Gonyaulacaceae";"Osmeridae";0.0966688242699936;0.672060702515036;0.327939297484964
"664";"Gonyaulacaceae";"Pfiesteriaceae";0.00986638840598753;0.703609839184335;0.296390160815665
"665";"Gonyaulacaceae";"Ulmaridae";0.136383511422575;0.657121179303112;0.342878820696888
"666";"Gracilariaceae";"Ostreidae";0.0364346437334184;0.69410566784409;0.30589433215591
"667";"Gracilariaceae";"Rhodomelaceae";0.0633515006272697;0.68434220218131;0.31565779781869
"668";"Gromiidae";"Liparidae";0.0184167334757459;0.700565224131292;0.299434775868708
"669";"Gromiidae";"Pinguiochrysidaceae";0.206432165667365;0.629907864029588;0.370092135970412
"670";"Gromiidae";"Pyuridae";0.0219243270760987;0.699312402622712;0.300687597377288
"671";"Gromiidae";"Saccosporidae";0.0866216188731087;0.675787829546704;0.324212170453296
"672";"Gromiidae";"Scytonemataceae";-0.0135431020827416;0.71187888790255;0.28812111209745
"673";"Gromiidae";"Zosteraceae";0.160461059383892;0.647896187909802;0.352103812090198
"674";"Gymnodiniaceae";"Kryptoperidiniaceae";0.0879688020765501;0.67528927058093;0.32471072941907
"675";"Gymnodiniaceae";"Syndiniaceae";0.118596078976201;0.6638538698478;0.3361461301522
"676";"Haematococcaceae";"Hydridae";0.049374453122165;0.689429309965074;0.310570690034926
"677";"Haematococcaceae";"Limulidae";0.00354434607196927;0.705852553274418;0.294147446725582
"678";"Haematococcaceae";"Nephtheidae";-0.0151385822191327;0.712438973603751;0.287561026396249
"679";"Haematococcaceae";"Noelaerhabdaceae";0.00583232223588062;0.705041728468649;0.294958271531351
"680";"Haematococcaceae";"Oxystominidae";-0.0187929248739514;0.71372015695017;0.28627984304983
"681";"Haematococcaceae";"Pleuronectidae";0.0206030598804843;0.699784588326835;0.300215411673165
"682";"Halimedaceae";"Hymenomonadaceae";0.0630117998295107;0.68446628849436;0.31553371150564
"683";"Halimedaceae";"Rivulariaceae";0.0210703155520187;0.699617640017739;0.300382359982261
"684";"Halimedaceae";"Scytonemataceae";0.00351453936362259;0.705863110183688;0.294136889816312
"685";"Haliotidae";"Hapalidiaceae";0.00729010690658863;0.70452462451408;0.29547537548592
"686";"Haliotidae";"Monodontidae";0.00688515488246003;0.7046683067648;0.2953316932352
"687";"Halymeniaceae";"Heterocapsaceae";0.0158497653001013;0.701480660709865;0.298519339290135
"688";"Halymeniaceae";"Hypneaceae";0.105710652065396;0.668688772125944;0.331311227874056
"689";"Halymeniaceae";"Oltmannsiellopsidaceae";0.0543035596203618;0.687639600510194;0.312360399489806
"690";"Halymeniaceae";"Perkinsidae";0.140200586100791;0.655667375236563;0.344332624763437
"691";"Hapalidiaceae";"Pavlovaceae";0.0885667776579548;0.675067856715918;0.324932143284082
"692";"Hapalidiaceae";"Pfiesteriaceae";0.0403710932811174;0.692686403330859;0.307313596669141
"693";"Hapalidiaceae";"Phacaceae";0.000415060971930364;0.706960019742301;0.293039980257699
"694";"Hapalidiaceae";"Phyllophoraceae";0.00932456708964152;0.703802327685252;0.296197672314748
"695";"Hapalidiaceae";"Pleurastraceae";0.0407843280615671;0.692537245185569;0.307462754814431
"696";"Hapalidiaceae";"Rhodymeniaceae";0.076911580474144;0.679370451052243;0.320629548947757
"697";"Hapalosiphonaceae";"Nostocaceae";0.168013436561365;0.644975411716848;0.355024588283152
"698";"Hapalosiphonaceae";"Oxytrichidae";-0.0367957513691732;0.719998524779452;0.280001475220548
"699";"Hapalosiphonaceae";"Prorocentraceae";-0.0313997538362077;0.718122466518145;0.281877533481855
"700";"Hapalosiphonaceae";"Salmonidae";0.0336753484741545;0.695098788491911;0.304901211508089
"701";"Hapalosiphonaceae";"Salpingoecidae";0.0324132949101249;0.695552551964938;0.304447448035062
"702";"Hapalosiphonaceae";"Ulnariaceae";-0.0925777590152562;0.739113576865984;0.260886423134016
"703";"Heliobacteriaceae";"Priapulidae";0.104393742527748;0.669180938712488;0.330819061287512
"704";"Heliobacteriaceae";"Scytonemataceae";0.00861032933677494;0.704055988776186;0.295944011223814
"705";"Hemiaulaceae";"Laminariaceae";0.0680347524174361;0.682629199339789;0.317370800660211
"706";"Hemiaulaceae";"Rhizosoleniaceae";0.178298612506844;0.640976359740808;0.359023640259192
"707";"Hemidiscaceae";"Laminariaceae";0.0404249540918292;0.692666963954602;0.307333036045398
"708";"Hemidiscaceae";"Nephtheidae";0.0128419265550198;0.70255180358639;0.29744819641361
"709";"Hemidiscaceae";"Plagiogrammaceae";0.00302525461128952;0.706036381990585;0.293963618009415
"710";"Hemidiscaceae";"Staurosiraceae";0.0102838195229531;0.703461505868319;0.296538494131681
"711";"Hemiselmidaceae";"Koliellaceae";0.077510770445294;0.679149920693033;0.320850079306967
"712";"Hemiselmidaceae";"Perkinsidae";0.0105962083037457;0.703350478671997;0.296649521328003
"713";"Hemiselmidaceae";"Phyllophoraceae";0.103999092543379;0.669328360170335;0.330671639829665
"714";"Hemiselmidaceae";"Portunidae";0.263610170509713;0.606790667977964;0.393209332022036
"715";"Hemiselmidaceae";"Spyridiaceae";0.0201953676794707;0.69993022235096;0.30006977764904
"716";"Heterocapsaceae";"Mamiellaceae";0.170124059397986;0.644156790153614;0.355843209846386
"717";"Heterocapsaceae";"Monodopsidaceae";0.00332656098424022;0.705929684535138;0.294070315464862
"718";"Heterocapsaceae";"Syndiniaceae";0.00988023895971091;0.703604917919243;0.296395082080757
"719";"Heterocapsaceae";"Thraustochytriaceae";0.00347963816841335;0.705875471252397;0.294124528747603
"720";"Hexamitidae";"Oltmannsiellopsidaceae";0.0495520075250044;0.689364922401407;0.310635077598593
"721";"Hexamitidae";"Sargassaceae";0.0204149244284506;0.699851797015464;0.300148202984536
"722";"Hexamitidae";"Scenedesmaceae";0.136063486032402;0.657242920832016;0.342757079167984
"723";"Hildenbrandiaceae";"Microstomatidae";0.0429685960338504;0.691748293805684;0.308251706194316
"724";"Hildenbrandiaceae";"Parastacidae";0.0606322199933208;0.685334874352196;0.314665125647804
"725";"Hildenbrandiaceae";"Pavlovaceae";0.00196930959586888;0.706410181977911;0.293589818022089
"726";"Hildenbrandiaceae";"Rhodogorgonaceae";0.146464567056568;0.653274610306964;0.346725389693036
"727";"Hildenbrandiaceae";"Suessiaceae";0.0603204881688018;0.685448580066805;0.314551419933195
"728";"Hyalellidae";"Nostocaceae";0.232060564269417;0.619652901119079;0.380347098880921
"729";"Hyalellidae";"Oscillatoriaceae";0.0576164690821867;0.686434094038828;0.313565905961172
"730";"Hyalellidae";"Ostreidae";0.0414949669172621;0.692280663128307;0.307719336871693
"731";"Hydridae";"Jakobidae";0.124424321225525;0.661655378114043;0.338344621885957
"732";"Hydridae";"Liagoraceae";0.01873024727655;0.700453336319933;0.299546663680067
"733";"Hydridae";"Limulidae";0.170049161070148;0.644185857858527;0.355814142141473
"734";"Hydridae";"Paulinellidae";0.0134726561420566;0.702327325346929;0.297672674653071
"735";"Hydrodictyaceae";"Hyellaceae";0.0531681773278204;0.688052259160661;0.311947740839339
"736";"Hydrodictyaceae";"Liparidae";0.0440195519093256;0.691368370729626;0.308631629270374
"737";"Hydrodictyaceae";"Oxytrichidae";0.023001760419263;0.69892712051427;0.30107287948573
"738";"Hyellaceae";"Provannidae";0.435117663268504;0.531451943608966;0.468548056391034
"739";"Hyellaceae";"Wrangeliaceae";0.0189458294205138;0.700376388301136;0.299623611698864
"740";"Hymenomonadaceae";"Lottiidae";0.0121341799681921;0.702803607002628;0.297196392997372
"741";"Hymenomonadaceae";"Polyphysaceae";0.044117338936874;0.691333009866854;0.308666990133146
"742";"Hymenomonadaceae";"Rivulariaceae";0.00343642785427434;0.705890774888625;0.294109225111375
"743";"Hypneaceae";"Protoperidiniaceae";0.00687606294482565;0.704671532366384;0.295328467633616
"744";"Hypneaceae";"Rhodymeniaceae";0.0335615937789476;0.695139700427566;0.304860299572434
"745";"Hypneaceae";"Toxariaceae";0.00714725751242384;0.704575312684023;0.295424687315977
"746";"Hypotrichomonadidae";"Jakobidae";0.236591116108179;0.617822338497007;0.382177661502993
"747";"Hypotrichomonadidae";"Kallymeniaceae";0.0275732445890352;0.697290024097206;0.302709975902794
"748";"Hypotrichomonadidae";"Mesotaeniaceae";0.00622004189461212;0.704904233958553;0.295095766041447
"749";"Hypotrichomonadidae";"Phacaceae";0.00901283802357108;0.703913049309511;0.296086950690489
"750";"Hypotrichomonadidae";"Porphyridiaceae";0.123091401115339;0.66215881738623;0.33784118261377
"751";"Hypotrichomonadidae";"Protoperidiniaceae";0.00834691288912182;0.704149517897612;0.295850482102388
"752";"Hypotrichomonadidae";"Provannidae";0.0381250193955155;0.693496568342081;0.306503431657919
"753";"Hypotrichomonadidae";"Pyuridae";0.0153619448845975;0.701654493007564;0.298345506992436
"754";"Hypotrichomonadidae";"Rhincodontidae";0.126180314730258;0.660991560184297;0.339008439815703
"755";"Hypotrichomonadidae";"Sebastidae";0.0760475997769609;0.679688311001094;0.320311688998906
"756";"Hypotrichomonadidae";"Zoarcidae";0.334103035745694;0.577016882012262;0.422983117987738
"757";"Jakobidae";"Limulidae";0.0153207746584572;0.701669161835385;0.298330838164615
"758";"Jakobidae";"Pyuridae";0.0803847180924551;0.678091174513997;0.321908825486003
"759";"Kallymeniaceae";"Mesotaeniaceae";0.0798451188672218;0.67829008585294;0.32170991414706
"760";"Kallymeniaceae";"Monodontidae";0.086747122939232;0.675741399153836;0.324258600846164
"761";"Kallymeniaceae";"Oltmannsiellopsidaceae";0.108521821687501;0.667636944121766;0.332363055878234
"762";"Kallymeniaceae";"Pavlovaceae";0.000553950124970337;0.706910903111216;0.293089096888784
"763";"Kallymeniaceae";"Phacaceae";0.129507117616939;0.65973209804551;0.34026790195449
"764";"Kallymeniaceae";"Roseiflexaceae";0.00530215181426807;0.705229695980583;0.294770304019417
"765";"Kareniaceae";"Metridinidae";0.119659115692533;0.663453421239;0.336546578761
"766";"Klebsormidiaceae";"Liagoraceae";0.123232153055598;0.662105673946539;0.337894326053461
"767";"Klebsormidiaceae";"Pseudanabaenaceae";0.110957927348708;0.666724108102929;0.333275891897071
"768";"Koliellaceae";"Pinguiochrysidaceae";0.286632150815127;0.597230210716468;0.402769789283532
"769";"Kryptoperidiniaceae";"Plagiogrammaceae";0.109346339933262;0.667328127710326;0.332671872289674
"770";"Kryptoperidiniaceae";"Thalassiosiraceae";0.0649064473971472;0.683773921922609;0.316226078077391
"771";"Lateolabracidae";"Monodontidae";0.0260924905721087;0.697820718174766;0.302179281825234
"772";"Lateolabracidae";"Mustelidae";0.0479842697908995;0.689933232352631;0.310066767647369
"773";"Lateolabracidae";"Sparidae";0.000211845187785303;0.707031878634979;0.292968121365021
"774";"Lateolabracidae";"Syngnathidae";0.0562408550248473;0.686934911390866;0.313065088609134
"775";"Leptocylindraceae";"Pleurastraceae";0.0348942922913084;0.694660243467514;0.305339756532486
"776";"Leptocylindraceae";"Ulnariaceae";0.048315777269703;0.689813098864575;0.310186901135425
"777";"Leptolyngbyaceae";"Pocilloporidae";0.124713187325698;0.66154622388549;0.33845377611451
"778";"Leptolyngbyaceae";"Pseudanabaenaceae";0.190714698357231;0.636115281078347;0.363884718921653
"779";"Leptolyngbyaceae";"Roseiflexaceae";0.110611475386697;0.666854003741937;0.333145996258063
"780";"Liagoraceae";"Pseudanabaenaceae";0.113695012829873;0.665696998329618;0.334303001670382
"781";"Licmophoraceae";"Mesotaeniaceae";-0.00486696273664081;0.708825423759843;0.291174576240157
"782";"Licmophoraceae";"Oxystominidae";0.00338367765460615;0.705909456780894;0.294090543219106
"783";"Licmophoraceae";"Paulinellidae";-0.0459075068568454;0.723155414436221;0.276844585563779
"784";"Licmophoraceae";"Sphaerozoidae";0.00420149368197589;0.705619765283692;0.294380234716308
"785";"Licmophoraceae";"Triparmaceae";0.000423780677142632;0.706956936214243;0.293043063785757
"786";"Licmophoraceae";"Ulnariaceae";0.082809598644191;0.677196574620623;0.322803425379377
"787";"Licmophoraceae";"Vahlkampfiidae";0.113567258283198;0.665744974339575;0.334255025660425
"788";"Limulidae";"Merismopediaceae";0.0868866969561536;0.675689759817272;0.324310240182728
"789";"Limulidae";"Merulinidae";0.0185068128313534;0.700533078151434;0.299466921848566
"790";"Limulidae";"Oscillatoriaceae";0.0191567298728762;0.700301103143185;0.299698896856815
"791";"Limulidae";"Ostreobiaceae";0.0874238457937707;0.675490989653537;0.324509010346463
"792";"Limulidae";"Porphyridiaceae";0.0411387949415691;0.69240927386136;0.30759072613864
"793";"Limulidae";"Tetrahymenidae";0.078641176225461;0.678733682593747;0.321266317406253
"794";"Lingulidae";"Portunidae";0.0185835573337735;0.700505689722156;0.299494310277844
"795";"Lingulidae";"Prasinococcaceae";0.0553357514779541;0.687264231763172;0.312735768236828
"796";"Liparidae";"Phyllophoraceae";0.0415028837199609;0.692277804165365;0.307722195834635
"797";"Lithodesmiaceae";"Rhizosoleniaceae";0.109122648490925;0.667411923593321;0.332588076406679
"798";"Lithodesmiaceae";"Triceratiaceae";0.0531785905702528;0.688048475555955;0.311951524444045
"799";"Loliginidae";"Phyllophoraceae";0.0167416687675556;0.701162724063553;0.298837275936447
"800";"Loliginidae";"Pleurastraceae";0.220008517048364;0.624496390282456;0.375503609717544
"801";"Loliginidae";"Saccosporidae";0.0170564932476713;0.701050464215069;0.298949535784931
"802";"Loliginidae";"Wrangeliaceae";0.0789370065607578;0.678624709776782;0.321375290223218
"803";"Lottiidae";"Petromyzontidae";-0.00871856119390238;0.710182568496968;0.289817431503032
"804";"Lottiidae";"Rivulariaceae";0.0938856071023753;0.673095235794172;0.326904764205828
"805";"Lysianassidae";"Microstomatidae";0.00893383358156907;0.70394110777054;0.29605889222946
"806";"Lysianassidae";"Oreosomatidae";0.664018171371622;0.409866947086721;0.590133052913279
"807";"Lysianassidae";"Phyllophoraceae";0.0292476083453709;0.696689454367808;0.303310545632192
"808";"Lysianassidae";"Saccosporidae";0.00903555527349278;0.703904981061545;0.296095018938455
"809";"Lysianassidae";"Spyridiaceae";0.217617965729667;0.625452649794664;0.374547350205336
"810";"Mallomonadaceae";"Sticholonchidae";0.0314167260412668;0.695910653014715;0.304089346985285
"811";"Merismopediaceae";"Oscillatoriaceae";0.0101179516994078;0.7035204504137;0.2964795495863
"812";"Merismopediaceae";"Parameciidae";0.0388634551936059;0.693230316996593;0.306769683003407
"813";"Merismopediaceae";"Pseudanabaenaceae";0.12143732248326;0.662783025399995;0.337216974600005
"814";"Merismopediaceae";"Syngnathidae";0.063950247174678;0.684123436532225;0.315876563467775
"815";"Merulinidae";"Pocilloporidae";0.209668301200894;0.628622183349866;0.371377816650134
"816";"Merulinidae";"Prasiolaceae";0.00366094528353769;0.705811254768746;0.294188745231254
"817";"Mesotaeniaceae";"Oedogoniaceae";0.0503031336311374;0.689092470706531;0.310907529293469
"818";"Mesotaeniaceae";"Oikopleuridae";0.269890867687385;0.604197456264347;0.395802543735653
"819";"Mesotaeniaceae";"Oxystominidae";-0.0158099235688774;0.712674513213738;0.287325486786262
"820";"Metopidae";"Mustelidae";-0.0275783130488254;0.716790873633595;0.283209126366405
"821";"Metopidae";"Palmariaceae";0.10080536493966;0.670520184282449;0.329479815717551
"822";"Metridinidae";"Noelaerhabdaceae";0.0228729073967699;0.698973208572128;0.301026791427872
"823";"Metridinidae";"Pelagiidae";0.0476574956529338;0.690051630078165;0.309948369921835
"824";"Metridinidae";"Portunidae";0.0204640629327132;0.699834243613188;0.300165756386812
"825";"Metridinidae";"Pycnococcaceae";0.0347117619883004;0.694725930857522;0.305274069142478
"826";"Microcoleaceae";"Niphatidae";0.115949907260864;0.664849641926329;0.335150358073671
"827";"Microcoleaceae";"Salpingoecidae";0.271605633416179;0.603487517097007;0.396512482902993
"828";"Microcoleaceae";"Selenastraceae";0.13416467784565;0.657964787110355;0.342035212889645
"829";"Microstomatidae";"Polynoidae";0.071197826201401;0.681469798963461;0.318530201036539
"830";"Microstomatidae";"Pyuridae";0.00600040110373712;0.704982127041623;0.295017872958377
"831";"Microstomatidae";"Saccosporidae";0.0341497797839212;0.694928133052648;0.305071866947352
"832";"Microstomatidae";"Thraustochytriaceae";0.0322300977626511;0.695618394752953;0.304381605247047
"833";"Monodopsidaceae";"Mustelidae";-0.0478530640758387;0.723827694992337;0.276172305007663
"834";"Monodopsidaceae";"Nostocaceae";-0.00840690630966812;0.710072850596919;0.289927149403081
"835";"Monodopsidaceae";"Pleurastraceae";0.0185290139182781;0.700525155180641;0.299474844819359
"836";"Monodopsidaceae";"Rotaliidae";0.03188729564024;0.695741584339962;0.304258415660038
"837";"Mustelidae";"Otariidae";0.113578586412451;0.665740720396292;0.334259279603708
"838";"Mustelidae";"Synechococcaceae";0.0403496712615415;0.692694134787663;0.307305865212337
"839";"Myctophidae";"Phyllophoraceae";0.116652352315245;0.664585452626205;0.335414547373795
"840";"Myctophidae";"Spyridiaceae";0.083358757396912;0.676993811863553;0.323006188136447
"841";"Myxinidae";"Porphyridiaceae";0.13911919908618;0.656079568693394;0.343920431306606
"842";"Naviculaceae";"Oxystominidae";0.0372418525540304;0.693814869920633;0.306185130079367
"843";"Naviculaceae";"Plagiogrammaceae";0.00117460600889216;0.706691373228479;0.293308626771521
"844";"Naviculaceae";"Staurosiraceae";0.032963784771133;0.695354663185941;0.304645336814059
"845";"Naviculaceae";"Stephanodiscaceae";0.230390702494137;0.620326243804767;0.379673756195233
"846";"Nephroselmidaceae";"Oedogoniaceae";0.0268064353009013;0.697564894722742;0.302435105277258
"847";"Nephroselmidaceae";"Scenedesmaceae";0.0110122817369406;0.703202573325446;0.296797426674554
"848";"Nephtheidae";"Palmariaceae";0.0375303091635207;0.693710923525239;0.306289076474761
"849";"Nephtheidae";"Sphaerozoidae";0.00333959138026155;0.705925069897556;0.294074930102444
"850";"Nephtheidae";"Toxariaceae";0.018914952552832;0.700387409740912;0.299612590259088
"851";"Niphatidae";"Nostocaceae";0.0611807622876891;0.685134745036446;0.314865254963554
"852";"Niphatidae";"Rajidae";0.0902702207323131;0.674436720259094;0.325563279740906
"853";"Noelaerhabdaceae";"Pyramimonadaceae";0.155628666231648;0.649758160305953;0.350241839694047
"854";"Noelaerhabdaceae";"Synechococcaceae";0.507332777577783;0.496320069321309;0.503679930678691
"855";"Nostocaceae";"Oxytrichidae";-0.0399350167662944;0.721087725858059;0.278912274141941
"856";"Nostocaceae";"Rhodomelaceae";0.000689124816440762;0.706863096781675;0.293136903218325
"857";"Nostocaceae";"Rotaliidae";-0.0502273884124989;0.724647289518321;0.275352710481679
"858";"Nostocaceae";"Salpingoecidae";0.0198935247829014;0.700038025830418;0.299961974169582
"859";"Nostocaceae";"Thaumatomastigidae";-0.0353540117906986;0.71949774558045;0.28050225441955
"860";"Octopodidae";"Petromyzontidae";0.257863730201962;0.609153621756465;0.390846378243535
"861";"Odobenidae";"Petromyzontidae";0.0387495987745089;0.6932713758787;0.3067286241213
"862";"Odobenidae";"Portunidae";0.0224979048729182;0.699107321920992;0.300892678079008
"863";"Oedogoniaceae";"Picocystaceae";0.510740477855769;0.494600607634195;0.505399392365805
"864";"Oedogoniaceae";"Scenedesmaceae";0.0550688502254162;0.687361313202374;0.312638686797626
"865";"Oikopleuridae";"Prasinococcaceae";0.0215082941620616;0.699461116087927;0.300538883912073
"866";"Oikopleuridae";"Scenedesmaceae";0.0235485164840658;0.698731523375014;0.301268476624986
"867";"Oltmannsiellopsidaceae";"Pleuronectidae";0.0550034754769662;0.687385090223462;0.312614909776538
"868";"Oltmannsiellopsidaceae";"Scenedesmaceae";0.0312804615909069;0.695959603141265;0.304040396858735
"869";"Oltmannsiellopsidaceae";"Vahlkampfiidae";-0.0217768678983458;0.714764600374958;0.285235399625042
"870";"Oreosomatidae";"Phyllophoraceae";1.2249813112486e-06;0.707106348090119;0.292893651909881
"871";"Oscillatoriaceae";"Ostreidae";0.0121259791109984;0.702806524190336;0.297193475809664
"872";"Oscillatoriaceae";"Ostreobiaceae";0.199618842147068;0.632606179962278;0.367393820037722
"873";"Oscillatoriaceae";"Pectinidae";0.0465939513848867;0.690436835856515;0.309563164143485
"874";"Oscillatoriaceae";"Pseudanabaenaceae";0.127564951102445;0.660467655868762;0.339532344131238
"875";"Osmeridae";"Sargassaceae";0.0205143193563375;0.699816290409012;0.300183709590988
"876";"Osmeridae";"Ulmaridae";0.393119841907571;0.550853954371042;0.449146045628958
"877";"Ostreidae";"Parameciidae";0.00639404475130259;0.704842519733556;0.295157480266444
"878";"Ostreidae";"Pocilloporidae";0.0470359395402567;0.690276777988273;0.309723222011727
"879";"Ostreidae";"Prochloraceae";0.118219287675218;0.663995750108682;0.336004249891318
"880";"Ostreidae";"Rhodomelaceae";0.00658881057732749;0.704773435021026;0.295226564978974
"881";"Ostreidae";"Scytonemataceae";0.0485108795803141;0.689742386844424;0.310257613155576
"882";"Ostreidae";"Vahlkampfiidae";0.0444475671379186;0.691213582354283;0.308786417645717
"883";"Otariidae";"Portunidae";0.0377649848688852;0.693626345783922;0.306373654216078
"884";"Otariidae";"Staurosiraceae";-0.0219633095332892;0.714829808252737;0.285170191747263
"885";"Oxystominidae";"Phaeocystaceae";0.0205580686736953;0.699800661376618;0.300199338623382
"886";"Oxystominidae";"Ulnariaceae";0.0595889519267178;0.685715337466387;0.314284662533613
"887";"Oxytrichidae";"Styelidae";0.0827117678714091;0.677232689748727;0.322767310251273
"888";"Oxytrichidae";"Triparmaceae";0.0129369874416388;0.702517975769432;0.297482024230568
"889";"Palmariaceae";"Thaumatomastigidae";0.0245865124110349;0.698360038801249;0.301639961198751
"890";"Paralichthyidae";"Pectinidae";0.0247640472930024;0.698296481699213;0.301703518300787
"891";"Paralichthyidae";"Phocidae";0.0743403999513016;0.680315956026572;0.319684043973428
"892";"Paralichthyidae";"Sebastidae";0.00762149245687196;0.704407022801139;0.295592977198861
"893";"Paralichthyidae";"Syngnathidae";0.215791410444141;0.626182317522564;0.373817682477436
"894";"Parameciidae";"Prochloraceae";0.00616757519002856;0.704922841454996;0.295077158545004
"895";"Parameciidae";"Vahlkampfiidae";0.0636545637714085;0.684231479920572;0.315768520079428
"896";"Parastacidae";"Paulinellidae";0.0231847143776579;0.698861676450477;0.301138323549523
"897";"Parastacidae";"Pleurastraceae";0.241933901056494;0.615656600282782;0.384343399717218
"898";"Parastacidae";"Rivulariaceae";0.028119416682469;0.697094177036909;0.302905822963091
"899";"Paulinellidae";"Pavlovaceae";0.0153060880107638;0.701674394569602;0.298325605430398
"900";"Paulinellidae";"Prochloraceae";0.119256150989785;0.663605247496663;0.336394752503337
"901";"Pavlovaceae";"Pleurastraceae";0.200777546395937;0.632148105116223;0.367851894883777
"902";"Pectinidae";"Phocidae";0.00699387440387;0.704629734540109;0.295370265459891
"903";"Pectinidae";"Pinguiochrysidaceae";-0.0129526908196527;0.711671515103581;0.288328484896419
"904";"Pectinidae";"Prochloraceae";0.103204205941101;0.669625191453734;0.330374808546266
"905";"Pectinidae";"Saccosporidae";-0.102685591732413;0.74252460960308;0.25747539039692
"906";"Pelagiidae";"Pycnococcaceae";0.0193852107018075;0.700219533181627;0.299780466818373
"907";"Pelagiidae";"Ulmaridae";0.34360677183602;0.57288446835465;0.42711553164535
"908";"Penaeidae";"Salmonidae";0.256812284112928;0.609584988285912;0.390415011714088
"909";"Penaeidae";"Tetragonicipitidae";0.429122424573784;0.534264716889584;0.465735283110416
"910";"Perkinsidae";"Suessiaceae";0.14813784602477;0.652633953290522;0.347366046709478
"911";"Petromyzontidae";"Sparidae";0.101763265794102;0.670162940711398;0.329837059288602
"912";"Pfiesteriaceae";"Thraustochytriaceae";0.0320883711985675;0.695669328345527;0.304330671654473
"913";"Pfiesteriaceae";"Ulmaridae";0.0387800627806446;0.69326039019237;0.30673960980763
"914";"Phaeocystaceae";"Syndiniaceae";0.218855187636245;0.624957923529158;0.375042076470842
"915";"Phaeodactylaceae";"Provannidae";0.0412360915972249;0.69237414322127;0.30762585677873
"916";"Phaeodactylaceae";"Rajidae";0.00654225395319838;0.704789949576043;0.295210050423957
"917";"Phaeodactylaceae";"Rivulariaceae";0.0539402128316552;0.687771687105665;0.312228312894335
"918";"Phaeodactylaceae";"Tetrahymenidae";0.00259915051209936;0.706187244818221;0.293812755181779
"919";"Phocidae";"Scenedesmaceae";0.00891224702250754;0.703948774051597;0.296051225948403
"920";"Phocoenidae";"Sargassaceae";0.0555113450612555;0.687200354677857;0.312799645322143
"921";"Phyllophoraceae";"Spyridiaceae";0.0121940512756682;0.7027823093691;0.2972176906309
"922";"Pinguiochrysidaceae";"Terebellidae";0.0158293279912925;0.701487944304358;0.298512055695642
"923";"Pleuronectidae";"Roseiflexaceae";0.0853285590868521;0.676266013086991;0.323733986913009
"924";"Pleuronectidae";"Synechococcaceae";0.0850068441191215;0.676384933259486;0.323615066740514
"925";"Pocilloporidae";"Prochloraceae";0.157628890405228;0.648988100659315;0.351011899340685
"926";"Pocilloporidae";"Pyramimonadaceae";-0.00352736490856889;0.708352795190564;0.291647204809436
"927";"Polynoidae";"Suessiaceae";0.000457226542788652;0.706945108709725;0.293054891290275
"928";"Polynoidae";"Zygnemataceae";0.26049599401101;0.608072366576952;0.391927633423048
"929";"Porphyridiaceae";"Protoperidiniaceae";0.0698357421399551;0.681969302043738;0.318030697956262
"930";"Portunidae";"Trebouxiaceae";0.0107764908440416;0.703286395843101;0.296713604156899
"931";"Portunidae";"Zosteraceae";0.00732039253099012;0.704513877602496;0.295486122397504
"932";"Prasinococcaceae";"Vahlkampfiidae";-0.00582690994386975;0.709163912626647;0.290836087373353
"933";"Prochloraceae";"Pseudanabaenaceae";0.014312545856025;0.702028295065083;0.297971704934917
"934";"Prochlorotrichaceae";"Selenastraceae";0.184751316810722;0.638454651165327;0.361545348834673
"935";"Prorocentraceae";"Sticholonchidae";0.00136511539470258;0.706623975182451;0.293376024817549
"936";"Prorocentraceae";"Syndiniaceae";0.0245483413106132;0.698373703216762;0.301626296783238
"937";"Prorocentraceae";"Trebouxiaceae";0.148401608467518;0.652532907803308;0.347467092196692
"938";"Protoperidiniaceae";"Toxariaceae";0.00398699037365263;0.705695759384435;0.294304240615565
"939";"Provannidae";"Pyuridae";0.00175004627596084;0.706487775451224;0.293512224548776
"940";"Provannidae";"Rajidae";0.109276194441028;0.667354405679236;0.332645594320764
"941";"Pycnococcaceae";"Pyramimonadaceae";0.0139967464660449;0.702140745696315;0.297859254303685
"942";"Pyuridae";"Scytonemataceae";-0.0138262659635329;0.711978323393182;0.288021676606818
"943";"Pyuridae";"Wrangeliaceae";0.113607342656728;0.665729921718737;0.334270078281263
"944";"Pyuridae";"Zoarcidae";0.0293059759781284;0.6966685094153;0.3033314905847
"945";"Rajidae";"Rivulariaceae";0.00543021190523738;0.705184297930251;0.294815702069749
"946";"Rajidae";"Tetrahymenidae";0.0877657440889946;0.67536444084324;0.32463555915676
"947";"Rhincodontidae";"Syngnathidae";0.0488580456435558;0.689616543579272;0.310383456420728
"948";"Rhizosoleniaceae";"Staurosiraceae";0.00635011537151184;0.704858100836079;0.295141899163921
"949";"Rhodogorgonaceae";"Zygnemataceae";0.0137770088883948;0.702218979774687;0.297781020225313
"950";"Rhodomelaceae";"Scytonemataceae";0.186069368176331;0.637938332373776;0.362061667626224
"951";"Rhodomelaceae";"Temoridae";0.28125996348968;0.599474785337265;0.400525214662735
"952";"Rhodomelaceae";"Ulvaceae";0.00248617975502535;0.70622723688802;0.29377276311198
"953";"Rhodymeniaceae";"Solieriaceae";0.196456308359718;0.633854751358812;0.366145248641188
"954";"Roseiflexaceae";"Synechococcaceae";0.0235087075891841;0.698745766502673;0.301254233497327
"955";"Rotaliidae";"Sticholonchidae";0.315425480583288;0.585053211005936;0.414946788994064
"956";"Rotaliidae";"Terebellidae";0.0487571841711718;0.689653106941754;0.310346893058246
"957";"Rotaliidae";"Thaumatomastigidae";0.0425981946304441;0.69188214508309;0.30811785491691
"958";"Rotaliidae";"Thraustochytriaceae";0.149428174479126;0.652139488729548;0.347860511270452
"959";"Saccosporidae";"Salpidae";0.0750983895991199;0.680037355738962;0.319962644261038
"960";"Salmonidae";"Sparidae";0.223753140963033;0.622995529292533;0.377004470707467
"961";"Sargassaceae";"Sebastidae";0.0801766825454965;0.678167869135107;0.321832130864893
"962";"Scenedesmaceae";"Zosteraceae";0.140231292151246;0.655655667194585;0.344344332805415
"963";"Scytonemataceae";"Zoarcidae";-0.0128727100175334;0.711643418439858;0.288356581560142
"964";"Skeletonemataceae";"Stephanodiscaceae";0.313346020235824;0.585941114688232;0.414058885311768
"965";"Sphaerozoidae";"Stephanodiscaceae";0.0778286001014597;0.679032915217863;0.320967084782137
"966";"Sphaerozoidae";"Thalassiosiraceae";0.0908022385400477;0.674239483217926;0.325760516782074
"967";"Sphaerozoidae";"Toxariaceae";0.112713908813632;0.666065346338618;0.333934653661382
"968";"Staurosiraceae";"Toxariaceae";0.110546260896341;0.66687845185748;0.33312154814252
"969";"Stephanodiscaceae";"Thalassiosiraceae";0.607975563821295;0.442732671133894;0.557267328866106
"970";"Stephanodiscaceae";"Ulnariaceae";0.169236342526565;0.644501224775188;0.355498775224812
"971";"Sticholonchidae";"Thaumatomastigidae";0.00364014016397859;0.705818623952365;0.294181376047635
"972";"Sticholonchidae";"Thraustochytriaceae";0.0255754938598013;0.698005911916296;0.301994088083704
"973";"Syndiniaceae";"Thraustochytriaceae";0.0614214683600273;0.685046907751569;0.314953092248431
"974";"Syndiniaceae";"Ulnariaceae";0.0152296129564532;0.701701641384551;0.298298358615449
"975";"Syngnathidae";"Terebellidae";-0.0304523958926119;0.717792586995927;0.282207413004073
"976";"Temoridae";"Ulvaceae";0.241872364788803;0.615681587840337;0.384318412159663
